The system is: Linux - 6.6.87.2-microsoft-standard-WSL2 - x86_64
Compiling the C compiler identification source file "CMakeCCompilerId.c" succeeded.
Compiler: /usr/bin/cc 
Build flags: 
Id flags:  

The output was:
0


Compilation of the C compiler identification source "CMakeCCompilerId.c" produced "a.out"

The C compiler identification is GNU, found in "/mnt/d/code_project/geekrun/external_fork/Kotoamatsukami/build/CMakeFiles/3.22.1/CompilerIdC/a.out"

Compiling the CXX compiler identification source file "CMakeCXXCompilerId.cpp" succeeded.
Compiler: /usr/bin/c++ 
Build flags: 
Id flags:  

The output was:
0


Compilation of the CXX compiler identification source "CMakeCXXCompilerId.cpp" produced "a.out"

The CXX compiler identification is GNU, found in "/mnt/d/code_project/geekrun/external_fork/Kotoamatsukami/build/CMakeFiles/3.22.1/CompilerIdCXX/a.out"

Detecting C compiler ABI info compiled with the following output:
Change Dir: /mnt/d/code_project/geekrun/external_fork/Kotoamatsukami/build/CMakeFiles/CMakeTmp

Run Build Command(s):/usr/bin/gmake -f Makefile cmTC_d1348/fast && /usr/bin/gmake  -f CMakeFiles/cmTC_d1348.dir/build.make CMakeFiles/cmTC_d1348.dir/build
gmake[1]: Entering directory '/mnt/d/code_project/geekrun/external_fork/Kotoamatsukami/build/CMakeFiles/CMakeTmp'
/usr/bin/cmake: /usr/local/lib/libcurl.so.4: no version information available (required by /usr/bin/cmake)
Building C object CMakeFiles/cmTC_d1348.dir/CMakeCCompilerABI.c.o
/usr/bin/cc   -v -o CMakeFiles/cmTC_d1348.dir/CMakeCCompilerABI.c.o -c /usr/share/cmake-3.22/Modules/CMakeCCompilerABI.c
Using built-in specs.
COLLECT_GCC=/usr/bin/cc
OFFLOAD_TARGET_NAMES=nvptx-none:amdgcn-amdhsa
OFFLOAD_TARGET_DEFAULT=1
Target: x86_64-linux-gnu
Configured with: ../src/configure -v --with-pkgversion='Ubuntu 11.4.0-1ubuntu1~22.04.2' --with-bugurl=file:///usr/share/doc/gcc-11/README.Bugs --enable-languages=c,ada,c++,go,brig,d,fortran,objc,obj-c++,m2 --prefix=/usr --with-gcc-major-version-only --program-suffix=-11 --program-prefix=x86_64-linux-gnu- --enable-shared --enable-linker-build-id --libexecdir=/usr/lib --without-included-gettext --enable-threads=posix --libdir=/usr/lib --enable-nls --enable-bootstrap --enable-clocale=gnu --enable-libstdcxx-debug --enable-libstdcxx-time=yes --with-default-libstdcxx-abi=new --enable-gnu-unique-object --disable-vtable-verify --enable-plugin --enable-default-pie --with-system-zlib --enable-libphobos-checking=release --with-target-system-zlib=auto --enable-objc-gc=auto --enable-multiarch --disable-werror --enable-cet --with-arch-32=i686 --with-abi=m64 --with-multilib-list=m32,m64,mx32 --enable-multilib --with-tune=generic --enable-offload-targets=nvptx-none=/build/gcc-11-2Y5pKs/gcc-11-11.4.0/debian/tmp-nvptx/usr,amdgcn-amdhsa=/build/gcc-11-2Y5pKs/gcc-11-11.4.0/debian/tmp-gcn/usr --without-cuda-driver --enable-checking=release --build=x86_64-linux-gnu --host=x86_64-linux-gnu --target=x86_64-linux-gnu --with-build-config=bootstrap-lto-lean --enable-link-serialization=2
Thread model: posix
Supported LTO compression algorithms: zlib zstd
gcc version 11.4.0 (Ubuntu 11.4.0-1ubuntu1~22.04.2) 
COLLECT_GCC_OPTIONS='-v' '-o' 'CMakeFiles/cmTC_d1348.dir/CMakeCCompilerABI.c.o' '-c' '-mtune=generic' '-march=x86-64' '-dumpdir' 'CMakeFiles/cmTC_d1348.dir/'
 /usr/lib/gcc/x86_64-linux-gnu/11/cc1 -quiet -v -imultiarch x86_64-linux-gnu /usr/share/cmake-3.22/Modules/CMakeCCompilerABI.c -quiet -dumpdir CMakeFiles/cmTC_d1348.dir/ -dumpbase CMakeCCompilerABI.c.c -dumpbase-ext .c -mtune=generic -march=x86-64 -version -fasynchronous-unwind-tables -fstack-protector-strong -Wformat -Wformat-security -fstack-clash-protection -fcf-protection -o /tmp/ccHBQVLZ.s
GNU C17 (Ubuntu 11.4.0-1ubuntu1~22.04.2) version 11.4.0 (x86_64-linux-gnu)
	compiled by GNU C version 11.4.0, GMP version 6.2.1, MPFR version 4.1.0, MPC version 1.2.1, isl version isl-0.24-GMP

GGC heuristics: --param ggc-min-expand=100 --param ggc-min-heapsize=131072
ignoring nonexistent directory "/usr/local/include/x86_64-linux-gnu"
ignoring nonexistent directory "/usr/lib/gcc/x86_64-linux-gnu/11/include-fixed"
ignoring nonexistent directory "/usr/lib/gcc/x86_64-linux-gnu/11/../../../../x86_64-linux-gnu/include"
#include "..." search starts here:
#include <...> search starts here:
 /usr/lib/gcc/x86_64-linux-gnu/11/include
 /usr/local/include
 /usr/include/x86_64-linux-gnu
 /usr/include
End of search list.
GNU C17 (Ubuntu 11.4.0-1ubuntu1~22.04.2) version 11.4.0 (x86_64-linux-gnu)
	compiled by GNU C version 11.4.0, GMP version 6.2.1, MPFR version 4.1.0, MPC version 1.2.1, isl version isl-0.24-GMP

GGC heuristics: --param ggc-min-expand=100 --param ggc-min-heapsize=131072
Compiler executable checksum: 4011c2103cba78949d7e02d0f0047a3d
COLLECT_GCC_OPTIONS='-v' '-o' 'CMakeFiles/cmTC_d1348.dir/CMakeCCompilerABI.c.o' '-c' '-mtune=generic' '-march=x86-64' '-dumpdir' 'CMakeFiles/cmTC_d1348.dir/'
 as -v --64 -o CMakeFiles/cmTC_d1348.dir/CMakeCCompilerABI.c.o /tmp/ccHBQVLZ.s
GNU assembler version 2.38 (x86_64-linux-gnu) using BFD version (GNU Binutils for Ubuntu) 2.38
COMPILER_PATH=/usr/lib/gcc/x86_64-linux-gnu/11/:/usr/lib/gcc/x86_64-linux-gnu/11/:/usr/lib/gcc/x86_64-linux-gnu/:/usr/lib/gcc/x86_64-linux-gnu/11/:/usr/lib/gcc/x86_64-linux-gnu/
LIBRARY_PATH=/usr/lib/gcc/x86_64-linux-gnu/11/:/usr/lib/gcc/x86_64-linux-gnu/11/../../../x86_64-linux-gnu/:/usr/lib/gcc/x86_64-linux-gnu/11/../../../../lib/:/lib/x86_64-linux-gnu/:/lib/../lib/:/usr/lib/x86_64-linux-gnu/:/usr/lib/../lib/:/usr/lib/gcc/x86_64-linux-gnu/11/../../../:/lib/:/usr/lib/
COLLECT_GCC_OPTIONS='-v' '-o' 'CMakeFiles/cmTC_d1348.dir/CMakeCCompilerABI.c.o' '-c' '-mtune=generic' '-march=x86-64' '-dumpdir' 'CMakeFiles/cmTC_d1348.dir/CMakeCCompilerABI.c.'
/usr/bin/cmake: /usr/local/lib/libcurl.so.4: no version information available (required by /usr/bin/cmake)
Linking C executable cmTC_d1348
/usr/bin/cmake -E cmake_link_script CMakeFiles/cmTC_d1348.dir/link.txt --verbose=1
/usr/bin/cmake: /usr/local/lib/libcurl.so.4: no version information available (required by /usr/bin/cmake)
/usr/bin/cc  -v CMakeFiles/cmTC_d1348.dir/CMakeCCompilerABI.c.o -o cmTC_d1348 
Using built-in specs.
COLLECT_GCC=/usr/bin/cc
COLLECT_LTO_WRAPPER=/usr/lib/gcc/x86_64-linux-gnu/11/lto-wrapper
OFFLOAD_TARGET_NAMES=nvptx-none:amdgcn-amdhsa
OFFLOAD_TARGET_DEFAULT=1
Target: x86_64-linux-gnu
Configured with: ../src/configure -v --with-pkgversion='Ubuntu 11.4.0-1ubuntu1~22.04.2' --with-bugurl=file:///usr/share/doc/gcc-11/README.Bugs --enable-languages=c,ada,c++,go,brig,d,fortran,objc,obj-c++,m2 --prefix=/usr --with-gcc-major-version-only --program-suffix=-11 --program-prefix=x86_64-linux-gnu- --enable-shared --enable-linker-build-id --libexecdir=/usr/lib --without-included-gettext --enable-threads=posix --libdir=/usr/lib --enable-nls --enable-bootstrap --enable-clocale=gnu --enable-libstdcxx-debug --enable-libstdcxx-time=yes --with-default-libstdcxx-abi=new --enable-gnu-unique-object --disable-vtable-verify --enable-plugin --enable-default-pie --with-system-zlib --enable-libphobos-checking=release --with-target-system-zlib=auto --enable-objc-gc=auto --enable-multiarch --disable-werror --enable-cet --with-arch-32=i686 --with-abi=m64 --with-multilib-list=m32,m64,mx32 --enable-multilib --with-tune=generic --enable-offload-targets=nvptx-none=/build/gcc-11-2Y5pKs/gcc-11-11.4.0/debian/tmp-nvptx/usr,amdgcn-amdhsa=/build/gcc-11-2Y5pKs/gcc-11-11.4.0/debian/tmp-gcn/usr --without-cuda-driver --enable-checking=release --build=x86_64-linux-gnu --host=x86_64-linux-gnu --target=x86_64-linux-gnu --with-build-config=bootstrap-lto-lean --enable-link-serialization=2
Thread model: posix
Supported LTO compression algorithms: zlib zstd
gcc version 11.4.0 (Ubuntu 11.4.0-1ubuntu1~22.04.2) 
COMPILER_PATH=/usr/lib/gcc/x86_64-linux-gnu/11/:/usr/lib/gcc/x86_64-linux-gnu/11/:/usr/lib/gcc/x86_64-linux-gnu/:/usr/lib/gcc/x86_64-linux-gnu/11/:/usr/lib/gcc/x86_64-linux-gnu/
LIBRARY_PATH=/usr/lib/gcc/x86_64-linux-gnu/11/:/usr/lib/gcc/x86_64-linux-gnu/11/../../../x86_64-linux-gnu/:/usr/lib/gcc/x86_64-linux-gnu/11/../../../../lib/:/lib/x86_64-linux-gnu/:/lib/../lib/:/usr/lib/x86_64-linux-gnu/:/usr/lib/../lib/:/usr/lib/gcc/x86_64-linux-gnu/11/../../../:/lib/:/usr/lib/
COLLECT_GCC_OPTIONS='-v' '-o' 'cmTC_d1348' '-mtune=generic' '-march=x86-64' '-dumpdir' 'cmTC_d1348.'
 /usr/lib/gcc/x86_64-linux-gnu/11/collect2 -plugin /usr/lib/gcc/x86_64-linux-gnu/11/liblto_plugin.so -plugin-opt=/usr/lib/gcc/x86_64-linux-gnu/11/lto-wrapper -plugin-opt=-fresolution=/tmp/ccK2Z2fK.res -plugin-opt=-pass-through=-lgcc -plugin-opt=-pass-through=-lgcc_s -plugin-opt=-pass-through=-lc -plugin-opt=-pass-through=-lgcc -plugin-opt=-pass-through=-lgcc_s --build-id --eh-frame-hdr -m elf_x86_64 --hash-style=gnu --as-needed -dynamic-linker /lib64/ld-linux-x86-64.so.2 -pie -z now -z relro -o cmTC_d1348 /usr/lib/gcc/x86_64-linux-gnu/11/../../../x86_64-linux-gnu/Scrt1.o /usr/lib/gcc/x86_64-linux-gnu/11/../../../x86_64-linux-gnu/crti.o /usr/lib/gcc/x86_64-linux-gnu/11/crtbeginS.o -L/usr/lib/gcc/x86_64-linux-gnu/11 -L/usr/lib/gcc/x86_64-linux-gnu/11/../../../x86_64-linux-gnu -L/usr/lib/gcc/x86_64-linux-gnu/11/../../../../lib -L/lib/x86_64-linux-gnu -L/lib/../lib -L/usr/lib/x86_64-linux-gnu -L/usr/lib/../lib -L/usr/lib/gcc/x86_64-linux-gnu/11/../../.. CMakeFiles/cmTC_d1348.dir/CMakeCCompilerABI.c.o -lgcc --push-state --as-needed -lgcc_s --pop-state -lc -lgcc --push-state --as-needed -lgcc_s --pop-state /usr/lib/gcc/x86_64-linux-gnu/11/crtendS.o /usr/lib/gcc/x86_64-linux-gnu/11/../../../x86_64-linux-gnu/crtn.o
COLLECT_GCC_OPTIONS='-v' '-o' 'cmTC_d1348' '-mtune=generic' '-march=x86-64' '-dumpdir' 'cmTC_d1348.'
gmake[1]: Leaving directory '/mnt/d/code_project/geekrun/external_fork/Kotoamatsukami/build/CMakeFiles/CMakeTmp'



Parsed C implicit include dir info from above output: rv=done
  found start of include info
  found start of implicit include info
    add: [/usr/lib/gcc/x86_64-linux-gnu/11/include]
    add: [/usr/local/include]
    add: [/usr/include/x86_64-linux-gnu]
    add: [/usr/include]
  end of search list found
  collapse include dir [/usr/lib/gcc/x86_64-linux-gnu/11/include] ==> [/usr/lib/gcc/x86_64-linux-gnu/11/include]
  collapse include dir [/usr/local/include] ==> [/usr/local/include]
  collapse include dir [/usr/include/x86_64-linux-gnu] ==> [/usr/include/x86_64-linux-gnu]
  collapse include dir [/usr/include] ==> [/usr/include]
  implicit include dirs: [/usr/lib/gcc/x86_64-linux-gnu/11/include;/usr/local/include;/usr/include/x86_64-linux-gnu;/usr/include]


Parsed C implicit link information from above output:
  link line regex: [^( *|.*[/\])(ld|CMAKE_LINK_STARTFILE-NOTFOUND|([^/\]+-)?ld|collect2)[^/\]*( |$)]
  ignore line: [Change Dir: /mnt/d/code_project/geekrun/external_fork/Kotoamatsukami/build/CMakeFiles/CMakeTmp]
  ignore line: []
  ignore line: [Run Build Command(s):/usr/bin/gmake -f Makefile cmTC_d1348/fast && /usr/bin/gmake  -f CMakeFiles/cmTC_d1348.dir/build.make CMakeFiles/cmTC_d1348.dir/build]
  ignore line: [gmake[1]: Entering directory '/mnt/d/code_project/geekrun/external_fork/Kotoamatsukami/build/CMakeFiles/CMakeTmp']
  ignore line: [/usr/bin/cmake: /usr/local/lib/libcurl.so.4: no version information available (required by /usr/bin/cmake)]
  ignore line: [Building C object CMakeFiles/cmTC_d1348.dir/CMakeCCompilerABI.c.o]
  ignore line: [/usr/bin/cc   -v -o CMakeFiles/cmTC_d1348.dir/CMakeCCompilerABI.c.o -c /usr/share/cmake-3.22/Modules/CMakeCCompilerABI.c]
  ignore line: [Using built-in specs.]
  ignore line: [COLLECT_GCC=/usr/bin/cc]
  ignore line: [OFFLOAD_TARGET_NAMES=nvptx-none:amdgcn-amdhsa]
  ignore line: [OFFLOAD_TARGET_DEFAULT=1]
  ignore line: [Target: x86_64-linux-gnu]
  ignore line: [Configured with: ../src/configure -v --with-pkgversion='Ubuntu 11.4.0-1ubuntu1~22.04.2' --with-bugurl=file:///usr/share/doc/gcc-11/README.Bugs --enable-languages=c ada c++ go brig d fortran objc obj-c++ m2 --prefix=/usr --with-gcc-major-version-only --program-suffix=-11 --program-prefix=x86_64-linux-gnu- --enable-shared --enable-linker-build-id --libexecdir=/usr/lib --without-included-gettext --enable-threads=posix --libdir=/usr/lib --enable-nls --enable-bootstrap --enable-clocale=gnu --enable-libstdcxx-debug --enable-libstdcxx-time=yes --with-default-libstdcxx-abi=new --enable-gnu-unique-object --disable-vtable-verify --enable-plugin --enable-default-pie --with-system-zlib --enable-libphobos-checking=release --with-target-system-zlib=auto --enable-objc-gc=auto --enable-multiarch --disable-werror --enable-cet --with-arch-32=i686 --with-abi=m64 --with-multilib-list=m32 m64 mx32 --enable-multilib --with-tune=generic --enable-offload-targets=nvptx-none=/build/gcc-11-2Y5pKs/gcc-11-11.4.0/debian/tmp-nvptx/usr amdgcn-amdhsa=/build/gcc-11-2Y5pKs/gcc-11-11.4.0/debian/tmp-gcn/usr --without-cuda-driver --enable-checking=release --build=x86_64-linux-gnu --host=x86_64-linux-gnu --target=x86_64-linux-gnu --with-build-config=bootstrap-lto-lean --enable-link-serialization=2]
  ignore line: [Thread model: posix]
  ignore line: [Supported LTO compression algorithms: zlib zstd]
  ignore line: [gcc version 11.4.0 (Ubuntu 11.4.0-1ubuntu1~22.04.2) ]
  ignore line: [COLLECT_GCC_OPTIONS='-v' '-o' 'CMakeFiles/cmTC_d1348.dir/CMakeCCompilerABI.c.o' '-c' '-mtune=generic' '-march=x86-64' '-dumpdir' 'CMakeFiles/cmTC_d1348.dir/']
  ignore line: [ /usr/lib/gcc/x86_64-linux-gnu/11/cc1 -quiet -v -imultiarch x86_64-linux-gnu /usr/share/cmake-3.22/Modules/CMakeCCompilerABI.c -quiet -dumpdir CMakeFiles/cmTC_d1348.dir/ -dumpbase CMakeCCompilerABI.c.c -dumpbase-ext .c -mtune=generic -march=x86-64 -version -fasynchronous-unwind-tables -fstack-protector-strong -Wformat -Wformat-security -fstack-clash-protection -fcf-protection -o /tmp/ccHBQVLZ.s]
  ignore line: [GNU C17 (Ubuntu 11.4.0-1ubuntu1~22.04.2) version 11.4.0 (x86_64-linux-gnu)]
  ignore line: [	compiled by GNU C version 11.4.0  GMP version 6.2.1  MPFR version 4.1.0  MPC version 1.2.1  isl version isl-0.24-GMP]
  ignore line: []
  ignore line: [GGC heuristics: --param ggc-min-expand=100 --param ggc-min-heapsize=131072]
  ignore line: [ignoring nonexistent directory "/usr/local/include/x86_64-linux-gnu"]
  ignore line: [ignoring nonexistent directory "/usr/lib/gcc/x86_64-linux-gnu/11/include-fixed"]
  ignore line: [ignoring nonexistent directory "/usr/lib/gcc/x86_64-linux-gnu/11/../../../../x86_64-linux-gnu/include"]
  ignore line: [#include "..." search starts here:]
  ignore line: [#include <...> search starts here:]
  ignore line: [ /usr/lib/gcc/x86_64-linux-gnu/11/include]
  ignore line: [ /usr/local/include]
  ignore line: [ /usr/include/x86_64-linux-gnu]
  ignore line: [ /usr/include]
  ignore line: [End of search list.]
  ignore line: [GNU C17 (Ubuntu 11.4.0-1ubuntu1~22.04.2) version 11.4.0 (x86_64-linux-gnu)]
  ignore line: [	compiled by GNU C version 11.4.0  GMP version 6.2.1  MPFR version 4.1.0  MPC version 1.2.1  isl version isl-0.24-GMP]
  ignore line: []
  ignore line: [GGC heuristics: --param ggc-min-expand=100 --param ggc-min-heapsize=131072]
  ignore line: [Compiler executable checksum: 4011c2103cba78949d7e02d0f0047a3d]
  ignore line: [COLLECT_GCC_OPTIONS='-v' '-o' 'CMakeFiles/cmTC_d1348.dir/CMakeCCompilerABI.c.o' '-c' '-mtune=generic' '-march=x86-64' '-dumpdir' 'CMakeFiles/cmTC_d1348.dir/']
  ignore line: [ as -v --64 -o CMakeFiles/cmTC_d1348.dir/CMakeCCompilerABI.c.o /tmp/ccHBQVLZ.s]
  ignore line: [GNU assembler version 2.38 (x86_64-linux-gnu) using BFD version (GNU Binutils for Ubuntu) 2.38]
  ignore line: [COMPILER_PATH=/usr/lib/gcc/x86_64-linux-gnu/11/:/usr/lib/gcc/x86_64-linux-gnu/11/:/usr/lib/gcc/x86_64-linux-gnu/:/usr/lib/gcc/x86_64-linux-gnu/11/:/usr/lib/gcc/x86_64-linux-gnu/]
  ignore line: [LIBRARY_PATH=/usr/lib/gcc/x86_64-linux-gnu/11/:/usr/lib/gcc/x86_64-linux-gnu/11/../../../x86_64-linux-gnu/:/usr/lib/gcc/x86_64-linux-gnu/11/../../../../lib/:/lib/x86_64-linux-gnu/:/lib/../lib/:/usr/lib/x86_64-linux-gnu/:/usr/lib/../lib/:/usr/lib/gcc/x86_64-linux-gnu/11/../../../:/lib/:/usr/lib/]
  ignore line: [COLLECT_GCC_OPTIONS='-v' '-o' 'CMakeFiles/cmTC_d1348.dir/CMakeCCompilerABI.c.o' '-c' '-mtune=generic' '-march=x86-64' '-dumpdir' 'CMakeFiles/cmTC_d1348.dir/CMakeCCompilerABI.c.']
  ignore line: [/usr/bin/cmake: /usr/local/lib/libcurl.so.4: no version information available (required by /usr/bin/cmake)]
  ignore line: [Linking C executable cmTC_d1348]
  ignore line: [/usr/bin/cmake -E cmake_link_script CMakeFiles/cmTC_d1348.dir/link.txt --verbose=1]
  ignore line: [/usr/bin/cmake: /usr/local/lib/libcurl.so.4: no version information available (required by /usr/bin/cmake)]
  ignore line: [/usr/bin/cc  -v CMakeFiles/cmTC_d1348.dir/CMakeCCompilerABI.c.o -o cmTC_d1348 ]
  ignore line: [Using built-in specs.]
  ignore line: [COLLECT_GCC=/usr/bin/cc]
  ignore line: [COLLECT_LTO_WRAPPER=/usr/lib/gcc/x86_64-linux-gnu/11/lto-wrapper]
  ignore line: [OFFLOAD_TARGET_NAMES=nvptx-none:amdgcn-amdhsa]
  ignore line: [OFFLOAD_TARGET_DEFAULT=1]
  ignore line: [Target: x86_64-linux-gnu]
  ignore line: [Configured with: ../src/configure -v --with-pkgversion='Ubuntu 11.4.0-1ubuntu1~22.04.2' --with-bugurl=file:///usr/share/doc/gcc-11/README.Bugs --enable-languages=c ada c++ go brig d fortran objc obj-c++ m2 --prefix=/usr --with-gcc-major-version-only --program-suffix=-11 --program-prefix=x86_64-linux-gnu- --enable-shared --enable-linker-build-id --libexecdir=/usr/lib --without-included-gettext --enable-threads=posix --libdir=/usr/lib --enable-nls --enable-bootstrap --enable-clocale=gnu --enable-libstdcxx-debug --enable-libstdcxx-time=yes --with-default-libstdcxx-abi=new --enable-gnu-unique-object --disable-vtable-verify --enable-plugin --enable-default-pie --with-system-zlib --enable-libphobos-checking=release --with-target-system-zlib=auto --enable-objc-gc=auto --enable-multiarch --disable-werror --enable-cet --with-arch-32=i686 --with-abi=m64 --with-multilib-list=m32 m64 mx32 --enable-multilib --with-tune=generic --enable-offload-targets=nvptx-none=/build/gcc-11-2Y5pKs/gcc-11-11.4.0/debian/tmp-nvptx/usr amdgcn-amdhsa=/build/gcc-11-2Y5pKs/gcc-11-11.4.0/debian/tmp-gcn/usr --without-cuda-driver --enable-checking=release --build=x86_64-linux-gnu --host=x86_64-linux-gnu --target=x86_64-linux-gnu --with-build-config=bootstrap-lto-lean --enable-link-serialization=2]
  ignore line: [Thread model: posix]
  ignore line: [Supported LTO compression algorithms: zlib zstd]
  ignore line: [gcc version 11.4.0 (Ubuntu 11.4.0-1ubuntu1~22.04.2) ]
  ignore line: [COMPILER_PATH=/usr/lib/gcc/x86_64-linux-gnu/11/:/usr/lib/gcc/x86_64-linux-gnu/11/:/usr/lib/gcc/x86_64-linux-gnu/:/usr/lib/gcc/x86_64-linux-gnu/11/:/usr/lib/gcc/x86_64-linux-gnu/]
  ignore line: [LIBRARY_PATH=/usr/lib/gcc/x86_64-linux-gnu/11/:/usr/lib/gcc/x86_64-linux-gnu/11/../../../x86_64-linux-gnu/:/usr/lib/gcc/x86_64-linux-gnu/11/../../../../lib/:/lib/x86_64-linux-gnu/:/lib/../lib/:/usr/lib/x86_64-linux-gnu/:/usr/lib/../lib/:/usr/lib/gcc/x86_64-linux-gnu/11/../../../:/lib/:/usr/lib/]
  ignore line: [COLLECT_GCC_OPTIONS='-v' '-o' 'cmTC_d1348' '-mtune=generic' '-march=x86-64' '-dumpdir' 'cmTC_d1348.']
  link line: [ /usr/lib/gcc/x86_64-linux-gnu/11/collect2 -plugin /usr/lib/gcc/x86_64-linux-gnu/11/liblto_plugin.so -plugin-opt=/usr/lib/gcc/x86_64-linux-gnu/11/lto-wrapper -plugin-opt=-fresolution=/tmp/ccK2Z2fK.res -plugin-opt=-pass-through=-lgcc -plugin-opt=-pass-through=-lgcc_s -plugin-opt=-pass-through=-lc -plugin-opt=-pass-through=-lgcc -plugin-opt=-pass-through=-lgcc_s --build-id --eh-frame-hdr -m elf_x86_64 --hash-style=gnu --as-needed -dynamic-linker /lib64/ld-linux-x86-64.so.2 -pie -z now -z relro -o cmTC_d1348 /usr/lib/gcc/x86_64-linux-gnu/11/../../../x86_64-linux-gnu/Scrt1.o /usr/lib/gcc/x86_64-linux-gnu/11/../../../x86_64-linux-gnu/crti.o /usr/lib/gcc/x86_64-linux-gnu/11/crtbeginS.o -L/usr/lib/gcc/x86_64-linux-gnu/11 -L/usr/lib/gcc/x86_64-linux-gnu/11/../../../x86_64-linux-gnu -L/usr/lib/gcc/x86_64-linux-gnu/11/../../../../lib -L/lib/x86_64-linux-gnu -L/lib/../lib -L/usr/lib/x86_64-linux-gnu -L/usr/lib/../lib -L/usr/lib/gcc/x86_64-linux-gnu/11/../../.. CMakeFiles/cmTC_d1348.dir/CMakeCCompilerABI.c.o -lgcc --push-state --as-needed -lgcc_s --pop-state -lc -lgcc --push-state --as-needed -lgcc_s --pop-state /usr/lib/gcc/x86_64-linux-gnu/11/crtendS.o /usr/lib/gcc/x86_64-linux-gnu/11/../../../x86_64-linux-gnu/crtn.o]
    arg [/usr/lib/gcc/x86_64-linux-gnu/11/collect2] ==> ignore
    arg [-plugin] ==> ignore
    arg [/usr/lib/gcc/x86_64-linux-gnu/11/liblto_plugin.so] ==> ignore
    arg [-plugin-opt=/usr/lib/gcc/x86_64-linux-gnu/11/lto-wrapper] ==> ignore
    arg [-plugin-opt=-fresolution=/tmp/ccK2Z2fK.res] ==> ignore
    arg [-plugin-opt=-pass-through=-lgcc] ==> ignore
    arg [-plugin-opt=-pass-through=-lgcc_s] ==> ignore
    arg [-plugin-opt=-pass-through=-lc] ==> ignore
    arg [-plugin-opt=-pass-through=-lgcc] ==> ignore
    arg [-plugin-opt=-pass-through=-lgcc_s] ==> ignore
    arg [--build-id] ==> ignore
    arg [--eh-frame-hdr] ==> ignore
    arg [-m] ==> ignore
    arg [elf_x86_64] ==> ignore
    arg [--hash-style=gnu] ==> ignore
    arg [--as-needed] ==> ignore
    arg [-dynamic-linker] ==> ignore
    arg [/lib64/ld-linux-x86-64.so.2] ==> ignore
    arg [-pie] ==> ignore
    arg [-znow] ==> ignore
    arg [-zrelro] ==> ignore
    arg [-o] ==> ignore
    arg [cmTC_d1348] ==> ignore
    arg [/usr/lib/gcc/x86_64-linux-gnu/11/../../../x86_64-linux-gnu/Scrt1.o] ==> obj [/usr/lib/gcc/x86_64-linux-gnu/11/../../../x86_64-linux-gnu/Scrt1.o]
    arg [/usr/lib/gcc/x86_64-linux-gnu/11/../../../x86_64-linux-gnu/crti.o] ==> obj [/usr/lib/gcc/x86_64-linux-gnu/11/../../../x86_64-linux-gnu/crti.o]
    arg [/usr/lib/gcc/x86_64-linux-gnu/11/crtbeginS.o] ==> obj [/usr/lib/gcc/x86_64-linux-gnu/11/crtbeginS.o]
    arg [-L/usr/lib/gcc/x86_64-linux-gnu/11] ==> dir [/usr/lib/gcc/x86_64-linux-gnu/11]
    arg [-L/usr/lib/gcc/x86_64-linux-gnu/11/../../../x86_64-linux-gnu] ==> dir [/usr/lib/gcc/x86_64-linux-gnu/11/../../../x86_64-linux-gnu]
    arg [-L/usr/lib/gcc/x86_64-linux-gnu/11/../../../../lib] ==> dir [/usr/lib/gcc/x86_64-linux-gnu/11/../../../../lib]
    arg [-L/lib/x86_64-linux-gnu] ==> dir [/lib/x86_64-linux-gnu]
    arg [-L/lib/../lib] ==> dir [/lib/../lib]
    arg [-L/usr/lib/x86_64-linux-gnu] ==> dir [/usr/lib/x86_64-linux-gnu]
    arg [-L/usr/lib/../lib] ==> dir [/usr/lib/../lib]
    arg [-L/usr/lib/gcc/x86_64-linux-gnu/11/../../..] ==> dir [/usr/lib/gcc/x86_64-linux-gnu/11/../../..]
    arg [CMakeFiles/cmTC_d1348.dir/CMakeCCompilerABI.c.o] ==> ignore
    arg [-lgcc] ==> lib [gcc]
    arg [--push-state] ==> ignore
    arg [--as-needed] ==> ignore
    arg [-lgcc_s] ==> lib [gcc_s]
    arg [--pop-state] ==> ignore
    arg [-lc] ==> lib [c]
    arg [-lgcc] ==> lib [gcc]
    arg [--push-state] ==> ignore
    arg [--as-needed] ==> ignore
    arg [-lgcc_s] ==> lib [gcc_s]
    arg [--pop-state] ==> ignore
    arg [/usr/lib/gcc/x86_64-linux-gnu/11/crtendS.o] ==> obj [/usr/lib/gcc/x86_64-linux-gnu/11/crtendS.o]
    arg [/usr/lib/gcc/x86_64-linux-gnu/11/../../../x86_64-linux-gnu/crtn.o] ==> obj [/usr/lib/gcc/x86_64-linux-gnu/11/../../../x86_64-linux-gnu/crtn.o]
  collapse obj [/usr/lib/gcc/x86_64-linux-gnu/11/../../../x86_64-linux-gnu/Scrt1.o] ==> [/usr/lib/x86_64-linux-gnu/Scrt1.o]
  collapse obj [/usr/lib/gcc/x86_64-linux-gnu/11/../../../x86_64-linux-gnu/crti.o] ==> [/usr/lib/x86_64-linux-gnu/crti.o]
  collapse obj [/usr/lib/gcc/x86_64-linux-gnu/11/../../../x86_64-linux-gnu/crtn.o] ==> [/usr/lib/x86_64-linux-gnu/crtn.o]
  collapse library dir [/usr/lib/gcc/x86_64-linux-gnu/11] ==> [/usr/lib/gcc/x86_64-linux-gnu/11]
  collapse library dir [/usr/lib/gcc/x86_64-linux-gnu/11/../../../x86_64-linux-gnu] ==> [/usr/lib/x86_64-linux-gnu]
  collapse library dir [/usr/lib/gcc/x86_64-linux-gnu/11/../../../../lib] ==> [/usr/lib]
  collapse library dir [/lib/x86_64-linux-gnu] ==> [/lib/x86_64-linux-gnu]
  collapse library dir [/lib/../lib] ==> [/lib]
  collapse library dir [/usr/lib/x86_64-linux-gnu] ==> [/usr/lib/x86_64-linux-gnu]
  collapse library dir [/usr/lib/../lib] ==> [/usr/lib]
  collapse library dir [/usr/lib/gcc/x86_64-linux-gnu/11/../../..] ==> [/usr/lib]
  implicit libs: [gcc;gcc_s;c;gcc;gcc_s]
  implicit objs: [/usr/lib/x86_64-linux-gnu/Scrt1.o;/usr/lib/x86_64-linux-gnu/crti.o;/usr/lib/gcc/x86_64-linux-gnu/11/crtbeginS.o;/usr/lib/gcc/x86_64-linux-gnu/11/crtendS.o;/usr/lib/x86_64-linux-gnu/crtn.o]
  implicit dirs: [/usr/lib/gcc/x86_64-linux-gnu/11;/usr/lib/x86_64-linux-gnu;/usr/lib;/lib/x86_64-linux-gnu;/lib]
  implicit fwks: []


Detecting CXX compiler ABI info compiled with the following output:
Change Dir: /mnt/d/code_project/geekrun/external_fork/Kotoamatsukami/build/CMakeFiles/CMakeTmp

Run Build Command(s):/usr/bin/gmake -f Makefile cmTC_c224e/fast && /usr/bin/gmake  -f CMakeFiles/cmTC_c224e.dir/build.make CMakeFiles/cmTC_c224e.dir/build
gmake[1]: Entering directory '/mnt/d/code_project/geekrun/external_fork/Kotoamatsukami/build/CMakeFiles/CMakeTmp'
/usr/bin/cmake: /usr/local/lib/libcurl.so.4: no version information available (required by /usr/bin/cmake)
Building CXX object CMakeFiles/cmTC_c224e.dir/CMakeCXXCompilerABI.cpp.o
/usr/bin/c++   -v -o CMakeFiles/cmTC_c224e.dir/CMakeCXXCompilerABI.cpp.o -c /usr/share/cmake-3.22/Modules/CMakeCXXCompilerABI.cpp
Using built-in specs.
COLLECT_GCC=/usr/bin/c++
OFFLOAD_TARGET_NAMES=nvptx-none:amdgcn-amdhsa
OFFLOAD_TARGET_DEFAULT=1
Target: x86_64-linux-gnu
Configured with: ../src/configure -v --with-pkgversion='Ubuntu 11.4.0-1ubuntu1~22.04.2' --with-bugurl=file:///usr/share/doc/gcc-11/README.Bugs --enable-languages=c,ada,c++,go,brig,d,fortran,objc,obj-c++,m2 --prefix=/usr --with-gcc-major-version-only --program-suffix=-11 --program-prefix=x86_64-linux-gnu- --enable-shared --enable-linker-build-id --libexecdir=/usr/lib --without-included-gettext --enable-threads=posix --libdir=/usr/lib --enable-nls --enable-bootstrap --enable-clocale=gnu --enable-libstdcxx-debug --enable-libstdcxx-time=yes --with-default-libstdcxx-abi=new --enable-gnu-unique-object --disable-vtable-verify --enable-plugin --enable-default-pie --with-system-zlib --enable-libphobos-checking=release --with-target-system-zlib=auto --enable-objc-gc=auto --enable-multiarch --disable-werror --enable-cet --with-arch-32=i686 --with-abi=m64 --with-multilib-list=m32,m64,mx32 --enable-multilib --with-tune=generic --enable-offload-targets=nvptx-none=/build/gcc-11-2Y5pKs/gcc-11-11.4.0/debian/tmp-nvptx/usr,amdgcn-amdhsa=/build/gcc-11-2Y5pKs/gcc-11-11.4.0/debian/tmp-gcn/usr --without-cuda-driver --enable-checking=release --build=x86_64-linux-gnu --host=x86_64-linux-gnu --target=x86_64-linux-gnu --with-build-config=bootstrap-lto-lean --enable-link-serialization=2
Thread model: posix
Supported LTO compression algorithms: zlib zstd
gcc version 11.4.0 (Ubuntu 11.4.0-1ubuntu1~22.04.2) 
COLLECT_GCC_OPTIONS='-v' '-o' 'CMakeFiles/cmTC_c224e.dir/CMakeCXXCompilerABI.cpp.o' '-c' '-shared-libgcc' '-mtune=generic' '-march=x86-64' '-dumpdir' 'CMakeFiles/cmTC_c224e.dir/'
 /usr/lib/gcc/x86_64-linux-gnu/11/cc1plus -quiet -v -imultiarch x86_64-linux-gnu -D_GNU_SOURCE /usr/share/cmake-3.22/Modules/CMakeCXXCompilerABI.cpp -quiet -dumpdir CMakeFiles/cmTC_c224e.dir/ -dumpbase CMakeCXXCompilerABI.cpp.cpp -dumpbase-ext .cpp -mtune=generic -march=x86-64 -version -fasynchronous-unwind-tables -fstack-protector-strong -Wformat -Wformat-security -fstack-clash-protection -fcf-protection -o /tmp/ccI6lvis.s
GNU C++17 (Ubuntu 11.4.0-1ubuntu1~22.04.2) version 11.4.0 (x86_64-linux-gnu)
	compiled by GNU C version 11.4.0, GMP version 6.2.1, MPFR version 4.1.0, MPC version 1.2.1, isl version isl-0.24-GMP

GGC heuristics: --param ggc-min-expand=100 --param ggc-min-heapsize=131072
ignoring duplicate directory "/usr/include/x86_64-linux-gnu/c++/11"
ignoring nonexistent directory "/usr/local/include/x86_64-linux-gnu"
ignoring nonexistent directory "/usr/lib/gcc/x86_64-linux-gnu/11/include-fixed"
ignoring nonexistent directory "/usr/lib/gcc/x86_64-linux-gnu/11/../../../../x86_64-linux-gnu/include"
#include "..." search starts here:
#include <...> search starts here:
 /usr/include/c++/11
 /usr/include/x86_64-linux-gnu/c++/11
 /usr/include/c++/11/backward
 /usr/lib/gcc/x86_64-linux-gnu/11/include
 /usr/local/include
 /usr/include/x86_64-linux-gnu
 /usr/include
End of search list.
GNU C++17 (Ubuntu 11.4.0-1ubuntu1~22.04.2) version 11.4.0 (x86_64-linux-gnu)
	compiled by GNU C version 11.4.0, GMP version 6.2.1, MPFR version 4.1.0, MPC version 1.2.1, isl version isl-0.24-GMP

GGC heuristics: --param ggc-min-expand=100 --param ggc-min-heapsize=131072
Compiler executable checksum: 6c87588fc345655b93b8c25f48f88886
COLLECT_GCC_OPTIONS='-v' '-o' 'CMakeFiles/cmTC_c224e.dir/CMakeCXXCompilerABI.cpp.o' '-c' '-shared-libgcc' '-mtune=generic' '-march=x86-64' '-dumpdir' 'CMakeFiles/cmTC_c224e.dir/'
 as -v --64 -o CMakeFiles/cmTC_c224e.dir/CMakeCXXCompilerABI.cpp.o /tmp/ccI6lvis.s
GNU assembler version 2.38 (x86_64-linux-gnu) using BFD version (GNU Binutils for Ubuntu) 2.38
COMPILER_PATH=/usr/lib/gcc/x86_64-linux-gnu/11/:/usr/lib/gcc/x86_64-linux-gnu/11/:/usr/lib/gcc/x86_64-linux-gnu/:/usr/lib/gcc/x86_64-linux-gnu/11/:/usr/lib/gcc/x86_64-linux-gnu/
LIBRARY_PATH=/usr/lib/gcc/x86_64-linux-gnu/11/:/usr/lib/gcc/x86_64-linux-gnu/11/../../../x86_64-linux-gnu/:/usr/lib/gcc/x86_64-linux-gnu/11/../../../../lib/:/lib/x86_64-linux-gnu/:/lib/../lib/:/usr/lib/x86_64-linux-gnu/:/usr/lib/../lib/:/usr/lib/gcc/x86_64-linux-gnu/11/../../../:/lib/:/usr/lib/
COLLECT_GCC_OPTIONS='-v' '-o' 'CMakeFiles/cmTC_c224e.dir/CMakeCXXCompilerABI.cpp.o' '-c' '-shared-libgcc' '-mtune=generic' '-march=x86-64' '-dumpdir' 'CMakeFiles/cmTC_c224e.dir/CMakeCXXCompilerABI.cpp.'
/usr/bin/cmake: /usr/local/lib/libcurl.so.4: no version information available (required by /usr/bin/cmake)
Linking CXX executable cmTC_c224e
/usr/bin/cmake -E cmake_link_script CMakeFiles/cmTC_c224e.dir/link.txt --verbose=1
/usr/bin/cmake: /usr/local/lib/libcurl.so.4: no version information available (required by /usr/bin/cmake)
/usr/bin/c++  -v CMakeFiles/cmTC_c224e.dir/CMakeCXXCompilerABI.cpp.o -o cmTC_c224e 
Using built-in specs.
COLLECT_GCC=/usr/bin/c++
COLLECT_LTO_WRAPPER=/usr/lib/gcc/x86_64-linux-gnu/11/lto-wrapper
OFFLOAD_TARGET_NAMES=nvptx-none:amdgcn-amdhsa
OFFLOAD_TARGET_DEFAULT=1
Target: x86_64-linux-gnu
Configured with: ../src/configure -v --with-pkgversion='Ubuntu 11.4.0-1ubuntu1~22.04.2' --with-bugurl=file:///usr/share/doc/gcc-11/README.Bugs --enable-languages=c,ada,c++,go,brig,d,fortran,objc,obj-c++,m2 --prefix=/usr --with-gcc-major-version-only --program-suffix=-11 --program-prefix=x86_64-linux-gnu- --enable-shared --enable-linker-build-id --libexecdir=/usr/lib --without-included-gettext --enable-threads=posix --libdir=/usr/lib --enable-nls --enable-bootstrap --enable-clocale=gnu --enable-libstdcxx-debug --enable-libstdcxx-time=yes --with-default-libstdcxx-abi=new --enable-gnu-unique-object --disable-vtable-verify --enable-plugin --enable-default-pie --with-system-zlib --enable-libphobos-checking=release --with-target-system-zlib=auto --enable-objc-gc=auto --enable-multiarch --disable-werror --enable-cet --with-arch-32=i686 --with-abi=m64 --with-multilib-list=m32,m64,mx32 --enable-multilib --with-tune=generic --enable-offload-targets=nvptx-none=/build/gcc-11-2Y5pKs/gcc-11-11.4.0/debian/tmp-nvptx/usr,amdgcn-amdhsa=/build/gcc-11-2Y5pKs/gcc-11-11.4.0/debian/tmp-gcn/usr --without-cuda-driver --enable-checking=release --build=x86_64-linux-gnu --host=x86_64-linux-gnu --target=x86_64-linux-gnu --with-build-config=bootstrap-lto-lean --enable-link-serialization=2
Thread model: posix
Supported LTO compression algorithms: zlib zstd
gcc version 11.4.0 (Ubuntu 11.4.0-1ubuntu1~22.04.2) 
COMPILER_PATH=/usr/lib/gcc/x86_64-linux-gnu/11/:/usr/lib/gcc/x86_64-linux-gnu/11/:/usr/lib/gcc/x86_64-linux-gnu/:/usr/lib/gcc/x86_64-linux-gnu/11/:/usr/lib/gcc/x86_64-linux-gnu/
LIBRARY_PATH=/usr/lib/gcc/x86_64-linux-gnu/11/:/usr/lib/gcc/x86_64-linux-gnu/11/../../../x86_64-linux-gnu/:/usr/lib/gcc/x86_64-linux-gnu/11/../../../../lib/:/lib/x86_64-linux-gnu/:/lib/../lib/:/usr/lib/x86_64-linux-gnu/:/usr/lib/../lib/:/usr/lib/gcc/x86_64-linux-gnu/11/../../../:/lib/:/usr/lib/
COLLECT_GCC_OPTIONS='-v' '-o' 'cmTC_c224e' '-shared-libgcc' '-mtune=generic' '-march=x86-64' '-dumpdir' 'cmTC_c224e.'
 /usr/lib/gcc/x86_64-linux-gnu/11/collect2 -plugin /usr/lib/gcc/x86_64-linux-gnu/11/liblto_plugin.so -plugin-opt=/usr/lib/gcc/x86_64-linux-gnu/11/lto-wrapper -plugin-opt=-fresolution=/tmp/ccMevz3U.res -plugin-opt=-pass-through=-lgcc_s -plugin-opt=-pass-through=-lgcc -plugin-opt=-pass-through=-lc -plugin-opt=-pass-through=-lgcc_s -plugin-opt=-pass-through=-lgcc --build-id --eh-frame-hdr -m elf_x86_64 --hash-style=gnu --as-needed -dynamic-linker /lib64/ld-linux-x86-64.so.2 -pie -z now -z relro -o cmTC_c224e /usr/lib/gcc/x86_64-linux-gnu/11/../../../x86_64-linux-gnu/Scrt1.o /usr/lib/gcc/x86_64-linux-gnu/11/../../../x86_64-linux-gnu/crti.o /usr/lib/gcc/x86_64-linux-gnu/11/crtbeginS.o -L/usr/lib/gcc/x86_64-linux-gnu/11 -L/usr/lib/gcc/x86_64-linux-gnu/11/../../../x86_64-linux-gnu -L/usr/lib/gcc/x86_64-linux-gnu/11/../../../../lib -L/lib/x86_64-linux-gnu -L/lib/../lib -L/usr/lib/x86_64-linux-gnu -L/usr/lib/../lib -L/usr/lib/gcc/x86_64-linux-gnu/11/../../.. CMakeFiles/cmTC_c224e.dir/CMakeCXXCompilerABI.cpp.o -lstdc++ -lm -lgcc_s -lgcc -lc -lgcc_s -lgcc /usr/lib/gcc/x86_64-linux-gnu/11/crtendS.o /usr/lib/gcc/x86_64-linux-gnu/11/../../../x86_64-linux-gnu/crtn.o
COLLECT_GCC_OPTIONS='-v' '-o' 'cmTC_c224e' '-shared-libgcc' '-mtune=generic' '-march=x86-64' '-dumpdir' 'cmTC_c224e.'
gmake[1]: Leaving directory '/mnt/d/code_project/geekrun/external_fork/Kotoamatsukami/build/CMakeFiles/CMakeTmp'



Parsed CXX implicit include dir info from above output: rv=done
  found start of include info
  found start of implicit include info
    add: [/usr/include/c++/11]
    add: [/usr/include/x86_64-linux-gnu/c++/11]
    add: [/usr/include/c++/11/backward]
    add: [/usr/lib/gcc/x86_64-linux-gnu/11/include]
    add: [/usr/local/include]
    add: [/usr/include/x86_64-linux-gnu]
    add: [/usr/include]
  end of search list found
  collapse include dir [/usr/include/c++/11] ==> [/usr/include/c++/11]
  collapse include dir [/usr/include/x86_64-linux-gnu/c++/11] ==> [/usr/include/x86_64-linux-gnu/c++/11]
  collapse include dir [/usr/include/c++/11/backward] ==> [/usr/include/c++/11/backward]
  collapse include dir [/usr/lib/gcc/x86_64-linux-gnu/11/include] ==> [/usr/lib/gcc/x86_64-linux-gnu/11/include]
  collapse include dir [/usr/local/include] ==> [/usr/local/include]
  collapse include dir [/usr/include/x86_64-linux-gnu] ==> [/usr/include/x86_64-linux-gnu]
  collapse include dir [/usr/include] ==> [/usr/include]
  implicit include dirs: [/usr/include/c++/11;/usr/include/x86_64-linux-gnu/c++/11;/usr/include/c++/11/backward;/usr/lib/gcc/x86_64-linux-gnu/11/include;/usr/local/include;/usr/include/x86_64-linux-gnu;/usr/include]


Parsed CXX implicit link information from above output:
  link line regex: [^( *|.*[/\])(ld|CMAKE_LINK_STARTFILE-NOTFOUND|([^/\]+-)?ld|collect2)[^/\]*( |$)]
  ignore line: [Change Dir: /mnt/d/code_project/geekrun/external_fork/Kotoamatsukami/build/CMakeFiles/CMakeTmp]
  ignore line: []
  ignore line: [Run Build Command(s):/usr/bin/gmake -f Makefile cmTC_c224e/fast && /usr/bin/gmake  -f CMakeFiles/cmTC_c224e.dir/build.make CMakeFiles/cmTC_c224e.dir/build]
  ignore line: [gmake[1]: Entering directory '/mnt/d/code_project/geekrun/external_fork/Kotoamatsukami/build/CMakeFiles/CMakeTmp']
  ignore line: [/usr/bin/cmake: /usr/local/lib/libcurl.so.4: no version information available (required by /usr/bin/cmake)]
  ignore line: [Building CXX object CMakeFiles/cmTC_c224e.dir/CMakeCXXCompilerABI.cpp.o]
  ignore line: [/usr/bin/c++   -v -o CMakeFiles/cmTC_c224e.dir/CMakeCXXCompilerABI.cpp.o -c /usr/share/cmake-3.22/Modules/CMakeCXXCompilerABI.cpp]
  ignore line: [Using built-in specs.]
  ignore line: [COLLECT_GCC=/usr/bin/c++]
  ignore line: [OFFLOAD_TARGET_NAMES=nvptx-none:amdgcn-amdhsa]
  ignore line: [OFFLOAD_TARGET_DEFAULT=1]
  ignore line: [Target: x86_64-linux-gnu]
  ignore line: [Configured with: ../src/configure -v --with-pkgversion='Ubuntu 11.4.0-1ubuntu1~22.04.2' --with-bugurl=file:///usr/share/doc/gcc-11/README.Bugs --enable-languages=c ada c++ go brig d fortran objc obj-c++ m2 --prefix=/usr --with-gcc-major-version-only --program-suffix=-11 --program-prefix=x86_64-linux-gnu- --enable-shared --enable-linker-build-id --libexecdir=/usr/lib --without-included-gettext --enable-threads=posix --libdir=/usr/lib --enable-nls --enable-bootstrap --enable-clocale=gnu --enable-libstdcxx-debug --enable-libstdcxx-time=yes --with-default-libstdcxx-abi=new --enable-gnu-unique-object --disable-vtable-verify --enable-plugin --enable-default-pie --with-system-zlib --enable-libphobos-checking=release --with-target-system-zlib=auto --enable-objc-gc=auto --enable-multiarch --disable-werror --enable-cet --with-arch-32=i686 --with-abi=m64 --with-multilib-list=m32 m64 mx32 --enable-multilib --with-tune=generic --enable-offload-targets=nvptx-none=/build/gcc-11-2Y5pKs/gcc-11-11.4.0/debian/tmp-nvptx/usr amdgcn-amdhsa=/build/gcc-11-2Y5pKs/gcc-11-11.4.0/debian/tmp-gcn/usr --without-cuda-driver --enable-checking=release --build=x86_64-linux-gnu --host=x86_64-linux-gnu --target=x86_64-linux-gnu --with-build-config=bootstrap-lto-lean --enable-link-serialization=2]
  ignore line: [Thread model: posix]
  ignore line: [Supported LTO compression algorithms: zlib zstd]
  ignore line: [gcc version 11.4.0 (Ubuntu 11.4.0-1ubuntu1~22.04.2) ]
  ignore line: [COLLECT_GCC_OPTIONS='-v' '-o' 'CMakeFiles/cmTC_c224e.dir/CMakeCXXCompilerABI.cpp.o' '-c' '-shared-libgcc' '-mtune=generic' '-march=x86-64' '-dumpdir' 'CMakeFiles/cmTC_c224e.dir/']
  ignore line: [ /usr/lib/gcc/x86_64-linux-gnu/11/cc1plus -quiet -v -imultiarch x86_64-linux-gnu -D_GNU_SOURCE /usr/share/cmake-3.22/Modules/CMakeCXXCompilerABI.cpp -quiet -dumpdir CMakeFiles/cmTC_c224e.dir/ -dumpbase CMakeCXXCompilerABI.cpp.cpp -dumpbase-ext .cpp -mtune=generic -march=x86-64 -version -fasynchronous-unwind-tables -fstack-protector-strong -Wformat -Wformat-security -fstack-clash-protection -fcf-protection -o /tmp/ccI6lvis.s]
  ignore line: [GNU C++17 (Ubuntu 11.4.0-1ubuntu1~22.04.2) version 11.4.0 (x86_64-linux-gnu)]
  ignore line: [	compiled by GNU C version 11.4.0  GMP version 6.2.1  MPFR version 4.1.0  MPC version 1.2.1  isl version isl-0.24-GMP]
  ignore line: []
  ignore line: [GGC heuristics: --param ggc-min-expand=100 --param ggc-min-heapsize=131072]
  ignore line: [ignoring duplicate directory "/usr/include/x86_64-linux-gnu/c++/11"]
  ignore line: [ignoring nonexistent directory "/usr/local/include/x86_64-linux-gnu"]
  ignore line: [ignoring nonexistent directory "/usr/lib/gcc/x86_64-linux-gnu/11/include-fixed"]
  ignore line: [ignoring nonexistent directory "/usr/lib/gcc/x86_64-linux-gnu/11/../../../../x86_64-linux-gnu/include"]
  ignore line: [#include "..." search starts here:]
  ignore line: [#include <...> search starts here:]
  ignore line: [ /usr/include/c++/11]
  ignore line: [ /usr/include/x86_64-linux-gnu/c++/11]
  ignore line: [ /usr/include/c++/11/backward]
  ignore line: [ /usr/lib/gcc/x86_64-linux-gnu/11/include]
  ignore line: [ /usr/local/include]
  ignore line: [ /usr/include/x86_64-linux-gnu]
  ignore line: [ /usr/include]
  ignore line: [End of search list.]
  ignore line: [GNU C++17 (Ubuntu 11.4.0-1ubuntu1~22.04.2) version 11.4.0 (x86_64-linux-gnu)]
  ignore line: [	compiled by GNU C version 11.4.0  GMP version 6.2.1  MPFR version 4.1.0  MPC version 1.2.1  isl version isl-0.24-GMP]
  ignore line: []
  ignore line: [GGC heuristics: --param ggc-min-expand=100 --param ggc-min-heapsize=131072]
  ignore line: [Compiler executable checksum: 6c87588fc345655b93b8c25f48f88886]
  ignore line: [COLLECT_GCC_OPTIONS='-v' '-o' 'CMakeFiles/cmTC_c224e.dir/CMakeCXXCompilerABI.cpp.o' '-c' '-shared-libgcc' '-mtune=generic' '-march=x86-64' '-dumpdir' 'CMakeFiles/cmTC_c224e.dir/']
  ignore line: [ as -v --64 -o CMakeFiles/cmTC_c224e.dir/CMakeCXXCompilerABI.cpp.o /tmp/ccI6lvis.s]
  ignore line: [GNU assembler version 2.38 (x86_64-linux-gnu) using BFD version (GNU Binutils for Ubuntu) 2.38]
  ignore line: [COMPILER_PATH=/usr/lib/gcc/x86_64-linux-gnu/11/:/usr/lib/gcc/x86_64-linux-gnu/11/:/usr/lib/gcc/x86_64-linux-gnu/:/usr/lib/gcc/x86_64-linux-gnu/11/:/usr/lib/gcc/x86_64-linux-gnu/]
  ignore line: [LIBRARY_PATH=/usr/lib/gcc/x86_64-linux-gnu/11/:/usr/lib/gcc/x86_64-linux-gnu/11/../../../x86_64-linux-gnu/:/usr/lib/gcc/x86_64-linux-gnu/11/../../../../lib/:/lib/x86_64-linux-gnu/:/lib/../lib/:/usr/lib/x86_64-linux-gnu/:/usr/lib/../lib/:/usr/lib/gcc/x86_64-linux-gnu/11/../../../:/lib/:/usr/lib/]
  ignore line: [COLLECT_GCC_OPTIONS='-v' '-o' 'CMakeFiles/cmTC_c224e.dir/CMakeCXXCompilerABI.cpp.o' '-c' '-shared-libgcc' '-mtune=generic' '-march=x86-64' '-dumpdir' 'CMakeFiles/cmTC_c224e.dir/CMakeCXXCompilerABI.cpp.']
  ignore line: [/usr/bin/cmake: /usr/local/lib/libcurl.so.4: no version information available (required by /usr/bin/cmake)]
  ignore line: [Linking CXX executable cmTC_c224e]
  ignore line: [/usr/bin/cmake -E cmake_link_script CMakeFiles/cmTC_c224e.dir/link.txt --verbose=1]
  ignore line: [/usr/bin/cmake: /usr/local/lib/libcurl.so.4: no version information available (required by /usr/bin/cmake)]
  ignore line: [/usr/bin/c++  -v CMakeFiles/cmTC_c224e.dir/CMakeCXXCompilerABI.cpp.o -o cmTC_c224e ]
  ignore line: [Using built-in specs.]
  ignore line: [COLLECT_GCC=/usr/bin/c++]
  ignore line: [COLLECT_LTO_WRAPPER=/usr/lib/gcc/x86_64-linux-gnu/11/lto-wrapper]
  ignore line: [OFFLOAD_TARGET_NAMES=nvptx-none:amdgcn-amdhsa]
  ignore line: [OFFLOAD_TARGET_DEFAULT=1]
  ignore line: [Target: x86_64-linux-gnu]
  ignore line: [Configured with: ../src/configure -v --with-pkgversion='Ubuntu 11.4.0-1ubuntu1~22.04.2' --with-bugurl=file:///usr/share/doc/gcc-11/README.Bugs --enable-languages=c ada c++ go brig d fortran objc obj-c++ m2 --prefix=/usr --with-gcc-major-version-only --program-suffix=-11 --program-prefix=x86_64-linux-gnu- --enable-shared --enable-linker-build-id --libexecdir=/usr/lib --without-included-gettext --enable-threads=posix --libdir=/usr/lib --enable-nls --enable-bootstrap --enable-clocale=gnu --enable-libstdcxx-debug --enable-libstdcxx-time=yes --with-default-libstdcxx-abi=new --enable-gnu-unique-object --disable-vtable-verify --enable-plugin --enable-default-pie --with-system-zlib --enable-libphobos-checking=release --with-target-system-zlib=auto --enable-objc-gc=auto --enable-multiarch --disable-werror --enable-cet --with-arch-32=i686 --with-abi=m64 --with-multilib-list=m32 m64 mx32 --enable-multilib --with-tune=generic --enable-offload-targets=nvptx-none=/build/gcc-11-2Y5pKs/gcc-11-11.4.0/debian/tmp-nvptx/usr amdgcn-amdhsa=/build/gcc-11-2Y5pKs/gcc-11-11.4.0/debian/tmp-gcn/usr --without-cuda-driver --enable-checking=release --build=x86_64-linux-gnu --host=x86_64-linux-gnu --target=x86_64-linux-gnu --with-build-config=bootstrap-lto-lean --enable-link-serialization=2]
  ignore line: [Thread model: posix]
  ignore line: [Supported LTO compression algorithms: zlib zstd]
  ignore line: [gcc version 11.4.0 (Ubuntu 11.4.0-1ubuntu1~22.04.2) ]
  ignore line: [COMPILER_PATH=/usr/lib/gcc/x86_64-linux-gnu/11/:/usr/lib/gcc/x86_64-linux-gnu/11/:/usr/lib/gcc/x86_64-linux-gnu/:/usr/lib/gcc/x86_64-linux-gnu/11/:/usr/lib/gcc/x86_64-linux-gnu/]
  ignore line: [LIBRARY_PATH=/usr/lib/gcc/x86_64-linux-gnu/11/:/usr/lib/gcc/x86_64-linux-gnu/11/../../../x86_64-linux-gnu/:/usr/lib/gcc/x86_64-linux-gnu/11/../../../../lib/:/lib/x86_64-linux-gnu/:/lib/../lib/:/usr/lib/x86_64-linux-gnu/:/usr/lib/../lib/:/usr/lib/gcc/x86_64-linux-gnu/11/../../../:/lib/:/usr/lib/]
  ignore line: [COLLECT_GCC_OPTIONS='-v' '-o' 'cmTC_c224e' '-shared-libgcc' '-mtune=generic' '-march=x86-64' '-dumpdir' 'cmTC_c224e.']
  link line: [ /usr/lib/gcc/x86_64-linux-gnu/11/collect2 -plugin /usr/lib/gcc/x86_64-linux-gnu/11/liblto_plugin.so -plugin-opt=/usr/lib/gcc/x86_64-linux-gnu/11/lto-wrapper -plugin-opt=-fresolution=/tmp/ccMevz3U.res -plugin-opt=-pass-through=-lgcc_s -plugin-opt=-pass-through=-lgcc -plugin-opt=-pass-through=-lc -plugin-opt=-pass-through=-lgcc_s -plugin-opt=-pass-through=-lgcc --build-id --eh-frame-hdr -m elf_x86_64 --hash-style=gnu --as-needed -dynamic-linker /lib64/ld-linux-x86-64.so.2 -pie -z now -z relro -o cmTC_c224e /usr/lib/gcc/x86_64-linux-gnu/11/../../../x86_64-linux-gnu/Scrt1.o /usr/lib/gcc/x86_64-linux-gnu/11/../../../x86_64-linux-gnu/crti.o /usr/lib/gcc/x86_64-linux-gnu/11/crtbeginS.o -L/usr/lib/gcc/x86_64-linux-gnu/11 -L/usr/lib/gcc/x86_64-linux-gnu/11/../../../x86_64-linux-gnu -L/usr/lib/gcc/x86_64-linux-gnu/11/../../../../lib -L/lib/x86_64-linux-gnu -L/lib/../lib -L/usr/lib/x86_64-linux-gnu -L/usr/lib/../lib -L/usr/lib/gcc/x86_64-linux-gnu/11/../../.. CMakeFiles/cmTC_c224e.dir/CMakeCXXCompilerABI.cpp.o -lstdc++ -lm -lgcc_s -lgcc -lc -lgcc_s -lgcc /usr/lib/gcc/x86_64-linux-gnu/11/crtendS.o /usr/lib/gcc/x86_64-linux-gnu/11/../../../x86_64-linux-gnu/crtn.o]
    arg [/usr/lib/gcc/x86_64-linux-gnu/11/collect2] ==> ignore
    arg [-plugin] ==> ignore
    arg [/usr/lib/gcc/x86_64-linux-gnu/11/liblto_plugin.so] ==> ignore
    arg [-plugin-opt=/usr/lib/gcc/x86_64-linux-gnu/11/lto-wrapper] ==> ignore
    arg [-plugin-opt=-fresolution=/tmp/ccMevz3U.res] ==> ignore
    arg [-plugin-opt=-pass-through=-lgcc_s] ==> ignore
    arg [-plugin-opt=-pass-through=-lgcc] ==> ignore
    arg [-plugin-opt=-pass-through=-lc] ==> ignore
    arg [-plugin-opt=-pass-through=-lgcc_s] ==> ignore
    arg [-plugin-opt=-pass-through=-lgcc] ==> ignore
    arg [--build-id] ==> ignore
    arg [--eh-frame-hdr] ==> ignore
    arg [-m] ==> ignore
    arg [elf_x86_64] ==> ignore
    arg [--hash-style=gnu] ==> ignore
    arg [--as-needed] ==> ignore
    arg [-dynamic-linker] ==> ignore
    arg [/lib64/ld-linux-x86-64.so.2] ==> ignore
    arg [-pie] ==> ignore
    arg [-znow] ==> ignore
    arg [-zrelro] ==> ignore
    arg [-o] ==> ignore
    arg [cmTC_c224e] ==> ignore
    arg [/usr/lib/gcc/x86_64-linux-gnu/11/../../../x86_64-linux-gnu/Scrt1.o] ==> obj [/usr/lib/gcc/x86_64-linux-gnu/11/../../../x86_64-linux-gnu/Scrt1.o]
    arg [/usr/lib/gcc/x86_64-linux-gnu/11/../../../x86_64-linux-gnu/crti.o] ==> obj [/usr/lib/gcc/x86_64-linux-gnu/11/../../../x86_64-linux-gnu/crti.o]
    arg [/usr/lib/gcc/x86_64-linux-gnu/11/crtbeginS.o] ==> obj [/usr/lib/gcc/x86_64-linux-gnu/11/crtbeginS.o]
    arg [-L/usr/lib/gcc/x86_64-linux-gnu/11] ==> dir [/usr/lib/gcc/x86_64-linux-gnu/11]
    arg [-L/usr/lib/gcc/x86_64-linux-gnu/11/../../../x86_64-linux-gnu] ==> dir [/usr/lib/gcc/x86_64-linux-gnu/11/../../../x86_64-linux-gnu]
    arg [-L/usr/lib/gcc/x86_64-linux-gnu/11/../../../../lib] ==> dir [/usr/lib/gcc/x86_64-linux-gnu/11/../../../../lib]
    arg [-L/lib/x86_64-linux-gnu] ==> dir [/lib/x86_64-linux-gnu]
    arg [-L/lib/../lib] ==> dir [/lib/../lib]
    arg [-L/usr/lib/x86_64-linux-gnu] ==> dir [/usr/lib/x86_64-linux-gnu]
    arg [-L/usr/lib/../lib] ==> dir [/usr/lib/../lib]
    arg [-L/usr/lib/gcc/x86_64-linux-gnu/11/../../..] ==> dir [/usr/lib/gcc/x86_64-linux-gnu/11/../../..]
    arg [CMakeFiles/cmTC_c224e.dir/CMakeCXXCompilerABI.cpp.o] ==> ignore
    arg [-lstdc++] ==> lib [stdc++]
    arg [-lm] ==> lib [m]
    arg [-lgcc_s] ==> lib [gcc_s]
    arg [-lgcc] ==> lib [gcc]
    arg [-lc] ==> lib [c]
    arg [-lgcc_s] ==> lib [gcc_s]
    arg [-lgcc] ==> lib [gcc]
    arg [/usr/lib/gcc/x86_64-linux-gnu/11/crtendS.o] ==> obj [/usr/lib/gcc/x86_64-linux-gnu/11/crtendS.o]
    arg [/usr/lib/gcc/x86_64-linux-gnu/11/../../../x86_64-linux-gnu/crtn.o] ==> obj [/usr/lib/gcc/x86_64-linux-gnu/11/../../../x86_64-linux-gnu/crtn.o]
  collapse obj [/usr/lib/gcc/x86_64-linux-gnu/11/../../../x86_64-linux-gnu/Scrt1.o] ==> [/usr/lib/x86_64-linux-gnu/Scrt1.o]
  collapse obj [/usr/lib/gcc/x86_64-linux-gnu/11/../../../x86_64-linux-gnu/crti.o] ==> [/usr/lib/x86_64-linux-gnu/crti.o]
  collapse obj [/usr/lib/gcc/x86_64-linux-gnu/11/../../../x86_64-linux-gnu/crtn.o] ==> [/usr/lib/x86_64-linux-gnu/crtn.o]
  collapse library dir [/usr/lib/gcc/x86_64-linux-gnu/11] ==> [/usr/lib/gcc/x86_64-linux-gnu/11]
  collapse library dir [/usr/lib/gcc/x86_64-linux-gnu/11/../../../x86_64-linux-gnu] ==> [/usr/lib/x86_64-linux-gnu]
  collapse library dir [/usr/lib/gcc/x86_64-linux-gnu/11/../../../../lib] ==> [/usr/lib]
  collapse library dir [/lib/x86_64-linux-gnu] ==> [/lib/x86_64-linux-gnu]
  collapse library dir [/lib/../lib] ==> [/lib]
  collapse library dir [/usr/lib/x86_64-linux-gnu] ==> [/usr/lib/x86_64-linux-gnu]
  collapse library dir [/usr/lib/../lib] ==> [/usr/lib]
  collapse library dir [/usr/lib/gcc/x86_64-linux-gnu/11/../../..] ==> [/usr/lib]
  implicit libs: [stdc++;m;gcc_s;gcc;c;gcc_s;gcc]
  implicit objs: [/usr/lib/x86_64-linux-gnu/Scrt1.o;/usr/lib/x86_64-linux-gnu/crti.o;/usr/lib/gcc/x86_64-linux-gnu/11/crtbeginS.o;/usr/lib/gcc/x86_64-linux-gnu/11/crtendS.o;/usr/lib/x86_64-linux-gnu/crtn.o]
  implicit dirs: [/usr/lib/gcc/x86_64-linux-gnu/11;/usr/lib/x86_64-linux-gnu;/usr/lib;/lib/x86_64-linux-gnu;/lib]
  implicit fwks: []


Performing C SOURCE FILE Test HAVE_FFI_CALL succeeded with the following output:
Change Dir: /mnt/d/code_project/geekrun/external_fork/Kotoamatsukami/build/CMakeFiles/CMakeTmp

Run Build Command(s):/usr/bin/gmake -f Makefile cmTC_55384/fast && /usr/bin/gmake  -f CMakeFiles/cmTC_55384.dir/build.make CMakeFiles/cmTC_55384.dir/build
gmake[1]: Entering directory '/mnt/d/code_project/geekrun/external_fork/Kotoamatsukami/build/CMakeFiles/CMakeTmp'
/usr/bin/cmake: /usr/local/lib/libcurl.so.4: no version information available (required by /usr/bin/cmake)
Building C object CMakeFiles/cmTC_55384.dir/src.c.o
/usr/bin/cc -DHAVE_FFI_CALL  -g  -o CMakeFiles/cmTC_55384.dir/src.c.o -c /mnt/d/code_project/geekrun/external_fork/Kotoamatsukami/build/CMakeFiles/CMakeTmp/src.c
/usr/bin/cmake: /usr/local/lib/libcurl.so.4: no version information available (required by /usr/bin/cmake)
Linking C executable cmTC_55384
/usr/bin/cmake -E cmake_link_script CMakeFiles/cmTC_55384.dir/link.txt --verbose=1
/usr/bin/cmake: /usr/local/lib/libcurl.so.4: no version information available (required by /usr/bin/cmake)
/usr/bin/cc  -g  CMakeFiles/cmTC_55384.dir/src.c.o -o cmTC_55384  /usr/lib/x86_64-linux-gnu/libffi.so 
gmake[1]: Leaving directory '/mnt/d/code_project/geekrun/external_fork/Kotoamatsukami/build/CMakeFiles/CMakeTmp'


Source file was:

    struct ffi_cif;
    typedef struct ffi_cif ffi_cif;
    void ffi_call(ffi_cif *cif, void (*fn)(void), void *rvalue, void **avalue);
    int main(void) { ffi_call(0, 0, 0, 0); }
Determining if the include file histedit.h exists passed with the following output:
Change Dir: /mnt/d/code_project/geekrun/external_fork/Kotoamatsukami/build/CMakeFiles/CMakeTmp

Run Build Command(s):/usr/bin/gmake -f Makefile cmTC_85a94/fast && /usr/bin/gmake  -f CMakeFiles/cmTC_85a94.dir/build.make CMakeFiles/cmTC_85a94.dir/build
gmake[1]: Entering directory '/mnt/d/code_project/geekrun/external_fork/Kotoamatsukami/build/CMakeFiles/CMakeTmp'
/usr/bin/cmake: /usr/local/lib/libcurl.so.4: no version information available (required by /usr/bin/cmake)
Building C object CMakeFiles/cmTC_85a94.dir/CheckIncludeFile.c.o
/usr/bin/cc   -g  -o CMakeFiles/cmTC_85a94.dir/CheckIncludeFile.c.o -c /mnt/d/code_project/geekrun/external_fork/Kotoamatsukami/build/CMakeFiles/CMakeTmp/CheckIncludeFile.c
/usr/bin/cmake: /usr/local/lib/libcurl.so.4: no version information available (required by /usr/bin/cmake)
Linking C executable cmTC_85a94
/usr/bin/cmake -E cmake_link_script CMakeFiles/cmTC_85a94.dir/link.txt --verbose=1
/usr/bin/cmake: /usr/local/lib/libcurl.so.4: no version information available (required by /usr/bin/cmake)
/usr/bin/cc  -g  CMakeFiles/cmTC_85a94.dir/CheckIncludeFile.c.o -o cmTC_85a94 
gmake[1]: Leaving directory '/mnt/d/code_project/geekrun/external_fork/Kotoamatsukami/build/CMakeFiles/CMakeTmp'



Performing C SOURCE FILE Test Terminfo_LINKABLE succeeded with the following output:
Change Dir: /mnt/d/code_project/geekrun/external_fork/Kotoamatsukami/build/CMakeFiles/CMakeTmp

Run Build Command(s):/usr/bin/gmake -f Makefile cmTC_d3a8c/fast && /usr/bin/gmake  -f CMakeFiles/cmTC_d3a8c.dir/build.make CMakeFiles/cmTC_d3a8c.dir/build
gmake[1]: Entering directory '/mnt/d/code_project/geekrun/external_fork/Kotoamatsukami/build/CMakeFiles/CMakeTmp'
/usr/bin/cmake: /usr/local/lib/libcurl.so.4: no version information available (required by /usr/bin/cmake)
Building C object CMakeFiles/cmTC_d3a8c.dir/src.c.o
/usr/bin/cc -DTerminfo_LINKABLE  -g  -o CMakeFiles/cmTC_d3a8c.dir/src.c.o -c /mnt/d/code_project/geekrun/external_fork/Kotoamatsukami/build/CMakeFiles/CMakeTmp/src.c
/usr/bin/cmake: /usr/local/lib/libcurl.so.4: no version information available (required by /usr/bin/cmake)
Linking C executable cmTC_d3a8c
/usr/bin/cmake -E cmake_link_script CMakeFiles/cmTC_d3a8c.dir/link.txt --verbose=1
/usr/bin/cmake: /usr/local/lib/libcurl.so.4: no version information available (required by /usr/bin/cmake)
/usr/bin/cc  -g  CMakeFiles/cmTC_d3a8c.dir/src.c.o -o cmTC_d3a8c  /usr/lib/x86_64-linux-gnu/libtinfo.so 
gmake[1]: Leaving directory '/mnt/d/code_project/geekrun/external_fork/Kotoamatsukami/build/CMakeFiles/CMakeTmp'


Source file was:

    int setupterm(char *term, int filedes, int *errret);
    int main(void) { return setupterm(0, 0, 0); }
Performing C SOURCE FILE Test C_SUPPORTS_FPIC succeeded with the following output:
Change Dir: /mnt/d/code_project/geekrun/external_fork/Kotoamatsukami/build/CMakeFiles/CMakeTmp

Run Build Command(s):/usr/bin/gmake -f Makefile cmTC_28b88/fast && /usr/bin/gmake  -f CMakeFiles/cmTC_28b88.dir/build.make CMakeFiles/cmTC_28b88.dir/build
gmake[1]: Entering directory '/mnt/d/code_project/geekrun/external_fork/Kotoamatsukami/build/CMakeFiles/CMakeTmp'
/usr/bin/cmake: /usr/local/lib/libcurl.so.4: no version information available (required by /usr/bin/cmake)
Building C object CMakeFiles/cmTC_28b88.dir/src.c.o
/usr/bin/cc -DC_SUPPORTS_FPIC  -g    -Werror -fPIC -o CMakeFiles/cmTC_28b88.dir/src.c.o -c /mnt/d/code_project/geekrun/external_fork/Kotoamatsukami/build/CMakeFiles/CMakeTmp/src.c
/usr/bin/cmake: /usr/local/lib/libcurl.so.4: no version information available (required by /usr/bin/cmake)
Linking C executable cmTC_28b88
/usr/bin/cmake -E cmake_link_script CMakeFiles/cmTC_28b88.dir/link.txt --verbose=1
/usr/bin/cmake: /usr/local/lib/libcurl.so.4: no version information available (required by /usr/bin/cmake)
/usr/bin/cc  -g  CMakeFiles/cmTC_28b88.dir/src.c.o -o cmTC_28b88 
gmake[1]: Leaving directory '/mnt/d/code_project/geekrun/external_fork/Kotoamatsukami/build/CMakeFiles/CMakeTmp'


Source file was:
int main(void) { return 0; }
Performing C++ SOURCE FILE Test CXX_SUPPORTS_FPIC succeeded with the following output:
Change Dir: /mnt/d/code_project/geekrun/external_fork/Kotoamatsukami/build/CMakeFiles/CMakeTmp

Run Build Command(s):/usr/bin/gmake -f Makefile cmTC_427c6/fast && /usr/bin/gmake  -f CMakeFiles/cmTC_427c6.dir/build.make CMakeFiles/cmTC_427c6.dir/build
gmake[1]: Entering directory '/mnt/d/code_project/geekrun/external_fork/Kotoamatsukami/build/CMakeFiles/CMakeTmp'
/usr/bin/cmake: /usr/local/lib/libcurl.so.4: no version information available (required by /usr/bin/cmake)
Building CXX object CMakeFiles/cmTC_427c6.dir/src.cxx.o
/usr/bin/c++ -DCXX_SUPPORTS_FPIC  -g    -Werror -fPIC -std=gnu++17 -o CMakeFiles/cmTC_427c6.dir/src.cxx.o -c /mnt/d/code_project/geekrun/external_fork/Kotoamatsukami/build/CMakeFiles/CMakeTmp/src.cxx
/usr/bin/cmake: /usr/local/lib/libcurl.so.4: no version information available (required by /usr/bin/cmake)
Linking CXX executable cmTC_427c6
/usr/bin/cmake -E cmake_link_script CMakeFiles/cmTC_427c6.dir/link.txt --verbose=1
/usr/bin/cmake: /usr/local/lib/libcurl.so.4: no version information available (required by /usr/bin/cmake)
/usr/bin/c++  -g  CMakeFiles/cmTC_427c6.dir/src.cxx.o -o cmTC_427c6 
gmake[1]: Leaving directory '/mnt/d/code_project/geekrun/external_fork/Kotoamatsukami/build/CMakeFiles/CMakeTmp'


Source file was:
int main() { return 0; }
Performing C SOURCE FILE Test C_SUPPORTS_FNO_SEMANTIC_INTERPOSITION succeeded with the following output:
Change Dir: /mnt/d/code_project/geekrun/external_fork/Kotoamatsukami/build/CMakeFiles/CMakeTmp

Run Build Command(s):/usr/bin/gmake -f Makefile cmTC_837bc/fast && /usr/bin/gmake  -f CMakeFiles/cmTC_837bc.dir/build.make CMakeFiles/cmTC_837bc.dir/build
gmake[1]: Entering directory '/mnt/d/code_project/geekrun/external_fork/Kotoamatsukami/build/CMakeFiles/CMakeTmp'
/usr/bin/cmake: /usr/local/lib/libcurl.so.4: no version information available (required by /usr/bin/cmake)
Building C object CMakeFiles/cmTC_837bc.dir/src.c.o
/usr/bin/cc -DC_SUPPORTS_FNO_SEMANTIC_INTERPOSITION  -g -fPIC    -Werror -fno-semantic-interposition -o CMakeFiles/cmTC_837bc.dir/src.c.o -c /mnt/d/code_project/geekrun/external_fork/Kotoamatsukami/build/CMakeFiles/CMakeTmp/src.c
/usr/bin/cmake: /usr/local/lib/libcurl.so.4: no version information available (required by /usr/bin/cmake)
Linking C executable cmTC_837bc
/usr/bin/cmake -E cmake_link_script CMakeFiles/cmTC_837bc.dir/link.txt --verbose=1
/usr/bin/cmake: /usr/local/lib/libcurl.so.4: no version information available (required by /usr/bin/cmake)
/usr/bin/cc  -g -fPIC  CMakeFiles/cmTC_837bc.dir/src.c.o -o cmTC_837bc 
gmake[1]: Leaving directory '/mnt/d/code_project/geekrun/external_fork/Kotoamatsukami/build/CMakeFiles/CMakeTmp'


Source file was:
int main(void) { return 0; }
Performing C++ SOURCE FILE Test CXX_SUPPORTS_FNO_SEMANTIC_INTERPOSITION succeeded with the following output:
Change Dir: /mnt/d/code_project/geekrun/external_fork/Kotoamatsukami/build/CMakeFiles/CMakeTmp

Run Build Command(s):/usr/bin/gmake -f Makefile cmTC_e1c70/fast && /usr/bin/gmake  -f CMakeFiles/cmTC_e1c70.dir/build.make CMakeFiles/cmTC_e1c70.dir/build
gmake[1]: Entering directory '/mnt/d/code_project/geekrun/external_fork/Kotoamatsukami/build/CMakeFiles/CMakeTmp'
/usr/bin/cmake: /usr/local/lib/libcurl.so.4: no version information available (required by /usr/bin/cmake)
Building CXX object CMakeFiles/cmTC_e1c70.dir/src.cxx.o
/usr/bin/c++ -DCXX_SUPPORTS_FNO_SEMANTIC_INTERPOSITION  -g -fPIC    -Werror -fno-semantic-interposition -std=gnu++17 -o CMakeFiles/cmTC_e1c70.dir/src.cxx.o -c /mnt/d/code_project/geekrun/external_fork/Kotoamatsukami/build/CMakeFiles/CMakeTmp/src.cxx
/usr/bin/cmake: /usr/local/lib/libcurl.so.4: no version information available (required by /usr/bin/cmake)
Linking CXX executable cmTC_e1c70
/usr/bin/cmake -E cmake_link_script CMakeFiles/cmTC_e1c70.dir/link.txt --verbose=1
/usr/bin/cmake: /usr/local/lib/libcurl.so.4: no version information available (required by /usr/bin/cmake)
/usr/bin/c++  -g -fPIC  CMakeFiles/cmTC_e1c70.dir/src.cxx.o -o cmTC_e1c70 
gmake[1]: Leaving directory '/mnt/d/code_project/geekrun/external_fork/Kotoamatsukami/build/CMakeFiles/CMakeTmp'


Source file was:
int main() { return 0; }
Performing C++ SOURCE FILE Test SUPPORTS_FVISIBILITY_INLINES_HIDDEN_FLAG succeeded with the following output:
Change Dir: /mnt/d/code_project/geekrun/external_fork/Kotoamatsukami/build/CMakeFiles/CMakeTmp

Run Build Command(s):/usr/bin/gmake -f Makefile cmTC_59f1f/fast && /usr/bin/gmake  -f CMakeFiles/cmTC_59f1f.dir/build.make CMakeFiles/cmTC_59f1f.dir/build
gmake[1]: Entering directory '/mnt/d/code_project/geekrun/external_fork/Kotoamatsukami/build/CMakeFiles/CMakeTmp'
/usr/bin/cmake: /usr/local/lib/libcurl.so.4: no version information available (required by /usr/bin/cmake)
Building CXX object CMakeFiles/cmTC_59f1f.dir/src.cxx.o
/usr/bin/c++ -DSUPPORTS_FVISIBILITY_INLINES_HIDDEN_FLAG  -g -fPIC -fno-semantic-interposition    -fvisibility-inlines-hidden -std=gnu++17 -o CMakeFiles/cmTC_59f1f.dir/src.cxx.o -c /mnt/d/code_project/geekrun/external_fork/Kotoamatsukami/build/CMakeFiles/CMakeTmp/src.cxx
/usr/bin/cmake: /usr/local/lib/libcurl.so.4: no version information available (required by /usr/bin/cmake)
Linking CXX executable cmTC_59f1f
/usr/bin/cmake -E cmake_link_script CMakeFiles/cmTC_59f1f.dir/link.txt --verbose=1
/usr/bin/cmake: /usr/local/lib/libcurl.so.4: no version information available (required by /usr/bin/cmake)
/usr/bin/c++  -g -fPIC -fno-semantic-interposition  CMakeFiles/cmTC_59f1f.dir/src.cxx.o -o cmTC_59f1f 
gmake[1]: Leaving directory '/mnt/d/code_project/geekrun/external_fork/Kotoamatsukami/build/CMakeFiles/CMakeTmp'


Source file was:
int main() { return 0; }
Performing C SOURCE FILE Test C_SUPPORTS_WERROR_DATE_TIME succeeded with the following output:
Change Dir: /mnt/d/code_project/geekrun/external_fork/Kotoamatsukami/build/CMakeFiles/CMakeTmp

Run Build Command(s):/usr/bin/gmake -f Makefile cmTC_08102/fast && /usr/bin/gmake  -f CMakeFiles/cmTC_08102.dir/build.make CMakeFiles/cmTC_08102.dir/build
gmake[1]: Entering directory '/mnt/d/code_project/geekrun/external_fork/Kotoamatsukami/build/CMakeFiles/CMakeTmp'
/usr/bin/cmake: /usr/local/lib/libcurl.so.4: no version information available (required by /usr/bin/cmake)
Building C object CMakeFiles/cmTC_08102.dir/src.c.o
/usr/bin/cc -DC_SUPPORTS_WERROR_DATE_TIME  -g -fPIC -fno-semantic-interposition    -Werror -Werror=date-time -o CMakeFiles/cmTC_08102.dir/src.c.o -c /mnt/d/code_project/geekrun/external_fork/Kotoamatsukami/build/CMakeFiles/CMakeTmp/src.c
/usr/bin/cmake: /usr/local/lib/libcurl.so.4: no version information available (required by /usr/bin/cmake)
Linking C executable cmTC_08102
/usr/bin/cmake -E cmake_link_script CMakeFiles/cmTC_08102.dir/link.txt --verbose=1
/usr/bin/cmake: /usr/local/lib/libcurl.so.4: no version information available (required by /usr/bin/cmake)
/usr/bin/cc  -g -fPIC -fno-semantic-interposition  CMakeFiles/cmTC_08102.dir/src.c.o -o cmTC_08102 
gmake[1]: Leaving directory '/mnt/d/code_project/geekrun/external_fork/Kotoamatsukami/build/CMakeFiles/CMakeTmp'


Source file was:
int main(void) { return 0; }
Performing C++ SOURCE FILE Test CXX_SUPPORTS_WERROR_DATE_TIME succeeded with the following output:
Change Dir: /mnt/d/code_project/geekrun/external_fork/Kotoamatsukami/build/CMakeFiles/CMakeTmp

Run Build Command(s):/usr/bin/gmake -f Makefile cmTC_46356/fast && /usr/bin/gmake  -f CMakeFiles/cmTC_46356.dir/build.make CMakeFiles/cmTC_46356.dir/build
gmake[1]: Entering directory '/mnt/d/code_project/geekrun/external_fork/Kotoamatsukami/build/CMakeFiles/CMakeTmp'
/usr/bin/cmake: /usr/local/lib/libcurl.so.4: no version information available (required by /usr/bin/cmake)
Building CXX object CMakeFiles/cmTC_46356.dir/src.cxx.o
/usr/bin/c++ -DCXX_SUPPORTS_WERROR_DATE_TIME  -g -fPIC -fno-semantic-interposition -fvisibility-inlines-hidden    -Werror -Werror=date-time -std=gnu++17 -o CMakeFiles/cmTC_46356.dir/src.cxx.o -c /mnt/d/code_project/geekrun/external_fork/Kotoamatsukami/build/CMakeFiles/CMakeTmp/src.cxx
/usr/bin/cmake: /usr/local/lib/libcurl.so.4: no version information available (required by /usr/bin/cmake)
Linking CXX executable cmTC_46356
/usr/bin/cmake -E cmake_link_script CMakeFiles/cmTC_46356.dir/link.txt --verbose=1
/usr/bin/cmake: /usr/local/lib/libcurl.so.4: no version information available (required by /usr/bin/cmake)
/usr/bin/c++  -g -fPIC -fno-semantic-interposition -fvisibility-inlines-hidden  CMakeFiles/cmTC_46356.dir/src.cxx.o -o cmTC_46356 
gmake[1]: Leaving directory '/mnt/d/code_project/geekrun/external_fork/Kotoamatsukami/build/CMakeFiles/CMakeTmp'


Source file was:
int main() { return 0; }
Performing C SOURCE FILE Test C_SUPPORTS_CMAKE_CXX_FLAGS succeeded with the following output:
Change Dir: /mnt/d/code_project/geekrun/external_fork/Kotoamatsukami/build/CMakeFiles/CMakeTmp

Run Build Command(s):/usr/bin/gmake -f Makefile cmTC_98478/fast && /usr/bin/gmake  -f CMakeFiles/cmTC_98478.dir/build.make CMakeFiles/cmTC_98478.dir/build
gmake[1]: Entering directory '/mnt/d/code_project/geekrun/external_fork/Kotoamatsukami/build/CMakeFiles/CMakeTmp'
/usr/bin/cmake: /usr/local/lib/libcurl.so.4: no version information available (required by /usr/bin/cmake)
Building C object CMakeFiles/cmTC_98478.dir/src.c.o
/usr/bin/cc -DC_SUPPORTS_CMAKE_CXX_FLAGS  -g -fPIC -fno-semantic-interposition -Werror=date-time    -Werror -fno-lifetime-dse -o CMakeFiles/cmTC_98478.dir/src.c.o -c /mnt/d/code_project/geekrun/external_fork/Kotoamatsukami/build/CMakeFiles/CMakeTmp/src.c
/usr/bin/cmake: /usr/local/lib/libcurl.so.4: no version information available (required by /usr/bin/cmake)
Linking C executable cmTC_98478
/usr/bin/cmake -E cmake_link_script CMakeFiles/cmTC_98478.dir/link.txt --verbose=1
/usr/bin/cmake: /usr/local/lib/libcurl.so.4: no version information available (required by /usr/bin/cmake)
/usr/bin/cc  -g -fPIC -fno-semantic-interposition -Werror=date-time  CMakeFiles/cmTC_98478.dir/src.c.o -o cmTC_98478 
gmake[1]: Leaving directory '/mnt/d/code_project/geekrun/external_fork/Kotoamatsukami/build/CMakeFiles/CMakeTmp'


Source file was:
int main(void) { return 0; }
Performing C++ SOURCE FILE Test CXX_SUPPORTS_CMAKE_CXX_FLAGS succeeded with the following output:
Change Dir: /mnt/d/code_project/geekrun/external_fork/Kotoamatsukami/build/CMakeFiles/CMakeTmp

Run Build Command(s):/usr/bin/gmake -f Makefile cmTC_cf456/fast && /usr/bin/gmake  -f CMakeFiles/cmTC_cf456.dir/build.make CMakeFiles/cmTC_cf456.dir/build
gmake[1]: Entering directory '/mnt/d/code_project/geekrun/external_fork/Kotoamatsukami/build/CMakeFiles/CMakeTmp'
/usr/bin/cmake: /usr/local/lib/libcurl.so.4: no version information available (required by /usr/bin/cmake)
Building CXX object CMakeFiles/cmTC_cf456.dir/src.cxx.o
/usr/bin/c++ -DCXX_SUPPORTS_CMAKE_CXX_FLAGS  -g -fPIC -fno-semantic-interposition -fvisibility-inlines-hidden -Werror=date-time    -Werror -fno-lifetime-dse -std=gnu++17 -o CMakeFiles/cmTC_cf456.dir/src.cxx.o -c /mnt/d/code_project/geekrun/external_fork/Kotoamatsukami/build/CMakeFiles/CMakeTmp/src.cxx
/usr/bin/cmake: /usr/local/lib/libcurl.so.4: no version information available (required by /usr/bin/cmake)
Linking CXX executable cmTC_cf456
/usr/bin/cmake -E cmake_link_script CMakeFiles/cmTC_cf456.dir/link.txt --verbose=1
/usr/bin/cmake: /usr/local/lib/libcurl.so.4: no version information available (required by /usr/bin/cmake)
/usr/bin/c++  -g -fPIC -fno-semantic-interposition -fvisibility-inlines-hidden -Werror=date-time  CMakeFiles/cmTC_cf456.dir/src.cxx.o -o cmTC_cf456 
gmake[1]: Leaving directory '/mnt/d/code_project/geekrun/external_fork/Kotoamatsukami/build/CMakeFiles/CMakeTmp'


Source file was:
int main() { return 0; }
Performing C++ SOURCE FILE Test CXX_SUPPORTS_MISSING_FIELD_INITIALIZERS_FLAG succeeded with the following output:
Change Dir: /mnt/d/code_project/geekrun/external_fork/Kotoamatsukami/build/CMakeFiles/CMakeTmp

Run Build Command(s):/usr/bin/gmake -f Makefile cmTC_ed655/fast && /usr/bin/gmake  -f CMakeFiles/cmTC_ed655.dir/build.make CMakeFiles/cmTC_ed655.dir/build
gmake[1]: Entering directory '/mnt/d/code_project/geekrun/external_fork/Kotoamatsukami/build/CMakeFiles/CMakeTmp'
/usr/bin/cmake: /usr/local/lib/libcurl.so.4: no version information available (required by /usr/bin/cmake)
Building CXX object CMakeFiles/cmTC_ed655.dir/src.cxx.o
/usr/bin/c++ -DCXX_SUPPORTS_MISSING_FIELD_INITIALIZERS_FLAG  -g -fPIC -fno-semantic-interposition -fvisibility-inlines-hidden -Werror=date-time -fno-lifetime-dse -Wall -Wextra -Wno-unused-parameter -Wwrite-strings -Wcast-qual    -Wmissing-field-initializers -std=gnu++17 -o CMakeFiles/cmTC_ed655.dir/src.cxx.o -c /mnt/d/code_project/geekrun/external_fork/Kotoamatsukami/build/CMakeFiles/CMakeTmp/src.cxx
/usr/bin/cmake: /usr/local/lib/libcurl.so.4: no version information available (required by /usr/bin/cmake)
Linking CXX executable cmTC_ed655
/usr/bin/cmake -E cmake_link_script CMakeFiles/cmTC_ed655.dir/link.txt --verbose=1
/usr/bin/cmake: /usr/local/lib/libcurl.so.4: no version information available (required by /usr/bin/cmake)
/usr/bin/c++  -g -fPIC -fno-semantic-interposition -fvisibility-inlines-hidden -Werror=date-time -fno-lifetime-dse -Wall -Wextra -Wno-unused-parameter -Wwrite-strings -Wcast-qual  CMakeFiles/cmTC_ed655.dir/src.cxx.o -o cmTC_ed655 
gmake[1]: Leaving directory '/mnt/d/code_project/geekrun/external_fork/Kotoamatsukami/build/CMakeFiles/CMakeTmp'


Source file was:
int main() { return 0; }
Performing C SOURCE FILE Test C_SUPPORTS_IMPLICIT_FALLTHROUGH_FLAG succeeded with the following output:
Change Dir: /mnt/d/code_project/geekrun/external_fork/Kotoamatsukami/build/CMakeFiles/CMakeTmp

Run Build Command(s):/usr/bin/gmake -f Makefile cmTC_107f2/fast && /usr/bin/gmake  -f CMakeFiles/cmTC_107f2.dir/build.make CMakeFiles/cmTC_107f2.dir/build
gmake[1]: Entering directory '/mnt/d/code_project/geekrun/external_fork/Kotoamatsukami/build/CMakeFiles/CMakeTmp'
/usr/bin/cmake: /usr/local/lib/libcurl.so.4: no version information available (required by /usr/bin/cmake)
Building C object CMakeFiles/cmTC_107f2.dir/src.c.o
/usr/bin/cc -DC_SUPPORTS_IMPLICIT_FALLTHROUGH_FLAG  -g -fPIC -fno-semantic-interposition -Werror=date-time -fno-lifetime-dse -Wall -Wextra -Wno-unused-parameter -Wwrite-strings -Wcast-qual -Wno-missing-field-initializers    -Werror -Wimplicit-fallthrough -o CMakeFiles/cmTC_107f2.dir/src.c.o -c /mnt/d/code_project/geekrun/external_fork/Kotoamatsukami/build/CMakeFiles/CMakeTmp/src.c
/usr/bin/cmake: /usr/local/lib/libcurl.so.4: no version information available (required by /usr/bin/cmake)
Linking C executable cmTC_107f2
/usr/bin/cmake -E cmake_link_script CMakeFiles/cmTC_107f2.dir/link.txt --verbose=1
/usr/bin/cmake: /usr/local/lib/libcurl.so.4: no version information available (required by /usr/bin/cmake)
/usr/bin/cc  -g -fPIC -fno-semantic-interposition -Werror=date-time -fno-lifetime-dse -Wall -Wextra -Wno-unused-parameter -Wwrite-strings -Wcast-qual -Wno-missing-field-initializers  CMakeFiles/cmTC_107f2.dir/src.c.o -o cmTC_107f2 
gmake[1]: Leaving directory '/mnt/d/code_project/geekrun/external_fork/Kotoamatsukami/build/CMakeFiles/CMakeTmp'


Source file was:
int main(void) { return 0; }
Performing C++ SOURCE FILE Test CXX_SUPPORTS_IMPLICIT_FALLTHROUGH_FLAG succeeded with the following output:
Change Dir: /mnt/d/code_project/geekrun/external_fork/Kotoamatsukami/build/CMakeFiles/CMakeTmp

Run Build Command(s):/usr/bin/gmake -f Makefile cmTC_9df4f/fast && /usr/bin/gmake  -f CMakeFiles/cmTC_9df4f.dir/build.make CMakeFiles/cmTC_9df4f.dir/build
gmake[1]: Entering directory '/mnt/d/code_project/geekrun/external_fork/Kotoamatsukami/build/CMakeFiles/CMakeTmp'
/usr/bin/cmake: /usr/local/lib/libcurl.so.4: no version information available (required by /usr/bin/cmake)
Building CXX object CMakeFiles/cmTC_9df4f.dir/src.cxx.o
/usr/bin/c++ -DCXX_SUPPORTS_IMPLICIT_FALLTHROUGH_FLAG  -g -fPIC -fno-semantic-interposition -fvisibility-inlines-hidden -Werror=date-time -fno-lifetime-dse -Wall -Wextra -Wno-unused-parameter -Wwrite-strings -Wcast-qual -Wno-missing-field-initializers    -Werror -Wimplicit-fallthrough -std=gnu++17 -o CMakeFiles/cmTC_9df4f.dir/src.cxx.o -c /mnt/d/code_project/geekrun/external_fork/Kotoamatsukami/build/CMakeFiles/CMakeTmp/src.cxx
/usr/bin/cmake: /usr/local/lib/libcurl.so.4: no version information available (required by /usr/bin/cmake)
Linking CXX executable cmTC_9df4f
/usr/bin/cmake -E cmake_link_script CMakeFiles/cmTC_9df4f.dir/link.txt --verbose=1
/usr/bin/cmake: /usr/local/lib/libcurl.so.4: no version information available (required by /usr/bin/cmake)
/usr/bin/c++  -g -fPIC -fno-semantic-interposition -fvisibility-inlines-hidden -Werror=date-time -fno-lifetime-dse -Wall -Wextra -Wno-unused-parameter -Wwrite-strings -Wcast-qual -Wno-missing-field-initializers  CMakeFiles/cmTC_9df4f.dir/src.cxx.o -o cmTC_9df4f 
gmake[1]: Leaving directory '/mnt/d/code_project/geekrun/external_fork/Kotoamatsukami/build/CMakeFiles/CMakeTmp'


Source file was:
int main() { return 0; }
Performing C++ SOURCE FILE Test CXX_SUPPORTS_CLASS_MEMACCESS_FLAG succeeded with the following output:
Change Dir: /mnt/d/code_project/geekrun/external_fork/Kotoamatsukami/build/CMakeFiles/CMakeTmp

Run Build Command(s):/usr/bin/gmake -f Makefile cmTC_e24c7/fast && /usr/bin/gmake  -f CMakeFiles/cmTC_e24c7.dir/build.make CMakeFiles/cmTC_e24c7.dir/build
gmake[1]: Entering directory '/mnt/d/code_project/geekrun/external_fork/Kotoamatsukami/build/CMakeFiles/CMakeTmp'
/usr/bin/cmake: /usr/local/lib/libcurl.so.4: no version information available (required by /usr/bin/cmake)
Building CXX object CMakeFiles/cmTC_e24c7.dir/src.cxx.o
/usr/bin/c++ -DCXX_SUPPORTS_CLASS_MEMACCESS_FLAG  -g -fPIC -fno-semantic-interposition -fvisibility-inlines-hidden -Werror=date-time -fno-lifetime-dse -Wall -Wextra -Wno-unused-parameter -Wwrite-strings -Wcast-qual -Wno-missing-field-initializers -Wimplicit-fallthrough -Wno-nonnull    -Wclass-memaccess -std=gnu++17 -o CMakeFiles/cmTC_e24c7.dir/src.cxx.o -c /mnt/d/code_project/geekrun/external_fork/Kotoamatsukami/build/CMakeFiles/CMakeTmp/src.cxx
/usr/bin/cmake: /usr/local/lib/libcurl.so.4: no version information available (required by /usr/bin/cmake)
Linking CXX executable cmTC_e24c7
/usr/bin/cmake -E cmake_link_script CMakeFiles/cmTC_e24c7.dir/link.txt --verbose=1
/usr/bin/cmake: /usr/local/lib/libcurl.so.4: no version information available (required by /usr/bin/cmake)
/usr/bin/c++  -g -fPIC -fno-semantic-interposition -fvisibility-inlines-hidden -Werror=date-time -fno-lifetime-dse -Wall -Wextra -Wno-unused-parameter -Wwrite-strings -Wcast-qual -Wno-missing-field-initializers -Wimplicit-fallthrough -Wno-nonnull  CMakeFiles/cmTC_e24c7.dir/src.cxx.o -o cmTC_e24c7 
gmake[1]: Leaving directory '/mnt/d/code_project/geekrun/external_fork/Kotoamatsukami/build/CMakeFiles/CMakeTmp'


Source file was:
int main() { return 0; }
Performing C++ SOURCE FILE Test CXX_SUPPORTS_REDUNDANT_MOVE_FLAG succeeded with the following output:
Change Dir: /mnt/d/code_project/geekrun/external_fork/Kotoamatsukami/build/CMakeFiles/CMakeTmp

Run Build Command(s):/usr/bin/gmake -f Makefile cmTC_bbb18/fast && /usr/bin/gmake  -f CMakeFiles/cmTC_bbb18.dir/build.make CMakeFiles/cmTC_bbb18.dir/build
gmake[1]: Entering directory '/mnt/d/code_project/geekrun/external_fork/Kotoamatsukami/build/CMakeFiles/CMakeTmp'
/usr/bin/cmake: /usr/local/lib/libcurl.so.4: no version information available (required by /usr/bin/cmake)
Building CXX object CMakeFiles/cmTC_bbb18.dir/src.cxx.o
/usr/bin/c++ -DCXX_SUPPORTS_REDUNDANT_MOVE_FLAG  -g -fPIC -fno-semantic-interposition -fvisibility-inlines-hidden -Werror=date-time -fno-lifetime-dse -Wall -Wextra -Wno-unused-parameter -Wwrite-strings -Wcast-qual -Wno-missing-field-initializers -Wimplicit-fallthrough -Wno-nonnull -Wno-class-memaccess    -Wredundant-move -std=gnu++17 -o CMakeFiles/cmTC_bbb18.dir/src.cxx.o -c /mnt/d/code_project/geekrun/external_fork/Kotoamatsukami/build/CMakeFiles/CMakeTmp/src.cxx
/usr/bin/cmake: /usr/local/lib/libcurl.so.4: no version information available (required by /usr/bin/cmake)
Linking CXX executable cmTC_bbb18
/usr/bin/cmake -E cmake_link_script CMakeFiles/cmTC_bbb18.dir/link.txt --verbose=1
/usr/bin/cmake: /usr/local/lib/libcurl.so.4: no version information available (required by /usr/bin/cmake)
/usr/bin/c++  -g -fPIC -fno-semantic-interposition -fvisibility-inlines-hidden -Werror=date-time -fno-lifetime-dse -Wall -Wextra -Wno-unused-parameter -Wwrite-strings -Wcast-qual -Wno-missing-field-initializers -Wimplicit-fallthrough -Wno-nonnull -Wno-class-memaccess  CMakeFiles/cmTC_bbb18.dir/src.cxx.o -o cmTC_bbb18 
gmake[1]: Leaving directory '/mnt/d/code_project/geekrun/external_fork/Kotoamatsukami/build/CMakeFiles/CMakeTmp'


Source file was:
int main() { return 0; }
Performing C++ SOURCE FILE Test CXX_SUPPORTS_PESSIMIZING_MOVE_FLAG succeeded with the following output:
Change Dir: /mnt/d/code_project/geekrun/external_fork/Kotoamatsukami/build/CMakeFiles/CMakeTmp

Run Build Command(s):/usr/bin/gmake -f Makefile cmTC_6a7a5/fast && /usr/bin/gmake  -f CMakeFiles/cmTC_6a7a5.dir/build.make CMakeFiles/cmTC_6a7a5.dir/build
gmake[1]: Entering directory '/mnt/d/code_project/geekrun/external_fork/Kotoamatsukami/build/CMakeFiles/CMakeTmp'
/usr/bin/cmake: /usr/local/lib/libcurl.so.4: no version information available (required by /usr/bin/cmake)
Building CXX object CMakeFiles/cmTC_6a7a5.dir/src.cxx.o
/usr/bin/c++ -DCXX_SUPPORTS_PESSIMIZING_MOVE_FLAG  -g -fPIC -fno-semantic-interposition -fvisibility-inlines-hidden -Werror=date-time -fno-lifetime-dse -Wall -Wextra -Wno-unused-parameter -Wwrite-strings -Wcast-qual -Wno-missing-field-initializers -Wimplicit-fallthrough -Wno-nonnull -Wno-class-memaccess -Wno-redundant-move    -Wpessimizing-move -std=gnu++17 -o CMakeFiles/cmTC_6a7a5.dir/src.cxx.o -c /mnt/d/code_project/geekrun/external_fork/Kotoamatsukami/build/CMakeFiles/CMakeTmp/src.cxx
/usr/bin/cmake: /usr/local/lib/libcurl.so.4: no version information available (required by /usr/bin/cmake)
Linking CXX executable cmTC_6a7a5
/usr/bin/cmake -E cmake_link_script CMakeFiles/cmTC_6a7a5.dir/link.txt --verbose=1
/usr/bin/cmake: /usr/local/lib/libcurl.so.4: no version information available (required by /usr/bin/cmake)
/usr/bin/c++  -g -fPIC -fno-semantic-interposition -fvisibility-inlines-hidden -Werror=date-time -fno-lifetime-dse -Wall -Wextra -Wno-unused-parameter -Wwrite-strings -Wcast-qual -Wno-missing-field-initializers -Wimplicit-fallthrough -Wno-nonnull -Wno-class-memaccess -Wno-redundant-move  CMakeFiles/cmTC_6a7a5.dir/src.cxx.o -o cmTC_6a7a5 
gmake[1]: Leaving directory '/mnt/d/code_project/geekrun/external_fork/Kotoamatsukami/build/CMakeFiles/CMakeTmp'


Source file was:
int main() { return 0; }
Performing C++ SOURCE FILE Test CXX_SUPPORTS_NOEXCEPT_TYPE_FLAG succeeded with the following output:
Change Dir: /mnt/d/code_project/geekrun/external_fork/Kotoamatsukami/build/CMakeFiles/CMakeTmp

Run Build Command(s):/usr/bin/gmake -f Makefile cmTC_5dd3b/fast && /usr/bin/gmake  -f CMakeFiles/cmTC_5dd3b.dir/build.make CMakeFiles/cmTC_5dd3b.dir/build
gmake[1]: Entering directory '/mnt/d/code_project/geekrun/external_fork/Kotoamatsukami/build/CMakeFiles/CMakeTmp'
/usr/bin/cmake: /usr/local/lib/libcurl.so.4: no version information available (required by /usr/bin/cmake)
Building CXX object CMakeFiles/cmTC_5dd3b.dir/src.cxx.o
/usr/bin/c++ -DCXX_SUPPORTS_NOEXCEPT_TYPE_FLAG  -g -fPIC -fno-semantic-interposition -fvisibility-inlines-hidden -Werror=date-time -fno-lifetime-dse -Wall -Wextra -Wno-unused-parameter -Wwrite-strings -Wcast-qual -Wno-missing-field-initializers -Wimplicit-fallthrough -Wno-nonnull -Wno-class-memaccess -Wno-redundant-move -Wno-pessimizing-move    -Wnoexcept-type -std=gnu++17 -o CMakeFiles/cmTC_5dd3b.dir/src.cxx.o -c /mnt/d/code_project/geekrun/external_fork/Kotoamatsukami/build/CMakeFiles/CMakeTmp/src.cxx
/usr/bin/cmake: /usr/local/lib/libcurl.so.4: no version information available (required by /usr/bin/cmake)
Linking CXX executable cmTC_5dd3b
/usr/bin/cmake -E cmake_link_script CMakeFiles/cmTC_5dd3b.dir/link.txt --verbose=1
/usr/bin/cmake: /usr/local/lib/libcurl.so.4: no version information available (required by /usr/bin/cmake)
/usr/bin/c++  -g -fPIC -fno-semantic-interposition -fvisibility-inlines-hidden -Werror=date-time -fno-lifetime-dse -Wall -Wextra -Wno-unused-parameter -Wwrite-strings -Wcast-qual -Wno-missing-field-initializers -Wimplicit-fallthrough -Wno-nonnull -Wno-class-memaccess -Wno-redundant-move -Wno-pessimizing-move  CMakeFiles/cmTC_5dd3b.dir/src.cxx.o -o cmTC_5dd3b 
gmake[1]: Leaving directory '/mnt/d/code_project/geekrun/external_fork/Kotoamatsukami/build/CMakeFiles/CMakeTmp'


Source file was:
int main() { return 0; }
The system is: Linux - 6.6.87.2-microsoft-standard-WSL2 - x86_64
Compiling the C compiler identification source file "CMakeCCompilerId.c" succeeded.
Compiler: /usr/bin/cc 
Build flags: 
Id flags:  

The output was:
0


Compilation of the C compiler identification source "CMakeCCompilerId.c" produced "a.out"

The C compiler identification is GNU, found in "/mnt/d/code_project/geekrun/external_fork/Kotoamatsukami/build/CMakeFiles/3.22.1/CompilerIdC/a.out"

Compiling the CXX compiler identification source file "CMakeCXXCompilerId.cpp" succeeded.
Compiler: /usr/bin/c++ 
Build flags: 
Id flags:  

The output was:
0


Compilation of the CXX compiler identification source "CMakeCXXCompilerId.cpp" produced "a.out"

The CXX compiler identification is GNU, found in "/mnt/d/code_project/geekrun/external_fork/Kotoamatsukami/build/CMakeFiles/3.22.1/CompilerIdCXX/a.out"

Detecting C compiler ABI info compiled with the following output:
Change Dir: /mnt/d/code_project/geekrun/external_fork/Kotoamatsukami/build/CMakeFiles/CMakeTmp

Run Build Command(s):/usr/bin/gmake -f Makefile cmTC_f58e8/fast && /usr/bin/gmake  -f CMakeFiles/cmTC_f58e8.dir/build.make CMakeFiles/cmTC_f58e8.dir/build
gmake[1]: Entering directory '/mnt/d/code_project/geekrun/external_fork/Kotoamatsukami/build/CMakeFiles/CMakeTmp'
/usr/bin/cmake: /usr/local/lib/libcurl.so.4: no version information available (required by /usr/bin/cmake)
Building C object CMakeFiles/cmTC_f58e8.dir/CMakeCCompilerABI.c.o
/usr/bin/cc   -v -o CMakeFiles/cmTC_f58e8.dir/CMakeCCompilerABI.c.o -c /usr/share/cmake-3.22/Modules/CMakeCCompilerABI.c
Using built-in specs.
COLLECT_GCC=/usr/bin/cc
OFFLOAD_TARGET_NAMES=nvptx-none:amdgcn-amdhsa
OFFLOAD_TARGET_DEFAULT=1
Target: x86_64-linux-gnu
Configured with: ../src/configure -v --with-pkgversion='Ubuntu 11.4.0-1ubuntu1~22.04.2' --with-bugurl=file:///usr/share/doc/gcc-11/README.Bugs --enable-languages=c,ada,c++,go,brig,d,fortran,objc,obj-c++,m2 --prefix=/usr --with-gcc-major-version-only --program-suffix=-11 --program-prefix=x86_64-linux-gnu- --enable-shared --enable-linker-build-id --libexecdir=/usr/lib --without-included-gettext --enable-threads=posix --libdir=/usr/lib --enable-nls --enable-bootstrap --enable-clocale=gnu --enable-libstdcxx-debug --enable-libstdcxx-time=yes --with-default-libstdcxx-abi=new --enable-gnu-unique-object --disable-vtable-verify --enable-plugin --enable-default-pie --with-system-zlib --enable-libphobos-checking=release --with-target-system-zlib=auto --enable-objc-gc=auto --enable-multiarch --disable-werror --enable-cet --with-arch-32=i686 --with-abi=m64 --with-multilib-list=m32,m64,mx32 --enable-multilib --with-tune=generic --enable-offload-targets=nvptx-none=/build/gcc-11-2Y5pKs/gcc-11-11.4.0/debian/tmp-nvptx/usr,amdgcn-amdhsa=/build/gcc-11-2Y5pKs/gcc-11-11.4.0/debian/tmp-gcn/usr --without-cuda-driver --enable-checking=release --build=x86_64-linux-gnu --host=x86_64-linux-gnu --target=x86_64-linux-gnu --with-build-config=bootstrap-lto-lean --enable-link-serialization=2
Thread model: posix
Supported LTO compression algorithms: zlib zstd
gcc version 11.4.0 (Ubuntu 11.4.0-1ubuntu1~22.04.2) 
COLLECT_GCC_OPTIONS='-v' '-o' 'CMakeFiles/cmTC_f58e8.dir/CMakeCCompilerABI.c.o' '-c' '-mtune=generic' '-march=x86-64' '-dumpdir' 'CMakeFiles/cmTC_f58e8.dir/'
 /usr/lib/gcc/x86_64-linux-gnu/11/cc1 -quiet -v -imultiarch x86_64-linux-gnu /usr/share/cmake-3.22/Modules/CMakeCCompilerABI.c -quiet -dumpdir CMakeFiles/cmTC_f58e8.dir/ -dumpbase CMakeCCompilerABI.c.c -dumpbase-ext .c -mtune=generic -march=x86-64 -version -fasynchronous-unwind-tables -fstack-protector-strong -Wformat -Wformat-security -fstack-clash-protection -fcf-protection -o /tmp/cc41Mob1.s
GNU C17 (Ubuntu 11.4.0-1ubuntu1~22.04.2) version 11.4.0 (x86_64-linux-gnu)
	compiled by GNU C version 11.4.0, GMP version 6.2.1, MPFR version 4.1.0, MPC version 1.2.1, isl version isl-0.24-GMP

GGC heuristics: --param ggc-min-expand=100 --param ggc-min-heapsize=131072
ignoring nonexistent directory "/usr/local/include/x86_64-linux-gnu"
ignoring nonexistent directory "/usr/lib/gcc/x86_64-linux-gnu/11/include-fixed"
ignoring nonexistent directory "/usr/lib/gcc/x86_64-linux-gnu/11/../../../../x86_64-linux-gnu/include"
#include "..." search starts here:
#include <...> search starts here:
 /usr/lib/gcc/x86_64-linux-gnu/11/include
 /usr/local/include
 /usr/include/x86_64-linux-gnu
 /usr/include
End of search list.
GNU C17 (Ubuntu 11.4.0-1ubuntu1~22.04.2) version 11.4.0 (x86_64-linux-gnu)
	compiled by GNU C version 11.4.0, GMP version 6.2.1, MPFR version 4.1.0, MPC version 1.2.1, isl version isl-0.24-GMP

GGC heuristics: --param ggc-min-expand=100 --param ggc-min-heapsize=131072
Compiler executable checksum: 4011c2103cba78949d7e02d0f0047a3d
COLLECT_GCC_OPTIONS='-v' '-o' 'CMakeFiles/cmTC_f58e8.dir/CMakeCCompilerABI.c.o' '-c' '-mtune=generic' '-march=x86-64' '-dumpdir' 'CMakeFiles/cmTC_f58e8.dir/'
 as -v --64 -o CMakeFiles/cmTC_f58e8.dir/CMakeCCompilerABI.c.o /tmp/cc41Mob1.s
GNU assembler version 2.38 (x86_64-linux-gnu) using BFD version (GNU Binutils for Ubuntu) 2.38
COMPILER_PATH=/usr/lib/gcc/x86_64-linux-gnu/11/:/usr/lib/gcc/x86_64-linux-gnu/11/:/usr/lib/gcc/x86_64-linux-gnu/:/usr/lib/gcc/x86_64-linux-gnu/11/:/usr/lib/gcc/x86_64-linux-gnu/
LIBRARY_PATH=/usr/lib/gcc/x86_64-linux-gnu/11/:/usr/lib/gcc/x86_64-linux-gnu/11/../../../x86_64-linux-gnu/:/usr/lib/gcc/x86_64-linux-gnu/11/../../../../lib/:/lib/x86_64-linux-gnu/:/lib/../lib/:/usr/lib/x86_64-linux-gnu/:/usr/lib/../lib/:/usr/lib/gcc/x86_64-linux-gnu/11/../../../:/lib/:/usr/lib/
COLLECT_GCC_OPTIONS='-v' '-o' 'CMakeFiles/cmTC_f58e8.dir/CMakeCCompilerABI.c.o' '-c' '-mtune=generic' '-march=x86-64' '-dumpdir' 'CMakeFiles/cmTC_f58e8.dir/CMakeCCompilerABI.c.'
/usr/bin/cmake: /usr/local/lib/libcurl.so.4: no version information available (required by /usr/bin/cmake)
Linking C executable cmTC_f58e8
/usr/bin/cmake -E cmake_link_script CMakeFiles/cmTC_f58e8.dir/link.txt --verbose=1
/usr/bin/cmake: /usr/local/lib/libcurl.so.4: no version information available (required by /usr/bin/cmake)
/usr/bin/cc  -v CMakeFiles/cmTC_f58e8.dir/CMakeCCompilerABI.c.o -o cmTC_f58e8 
Using built-in specs.
COLLECT_GCC=/usr/bin/cc
COLLECT_LTO_WRAPPER=/usr/lib/gcc/x86_64-linux-gnu/11/lto-wrapper
OFFLOAD_TARGET_NAMES=nvptx-none:amdgcn-amdhsa
OFFLOAD_TARGET_DEFAULT=1
Target: x86_64-linux-gnu
Configured with: ../src/configure -v --with-pkgversion='Ubuntu 11.4.0-1ubuntu1~22.04.2' --with-bugurl=file:///usr/share/doc/gcc-11/README.Bugs --enable-languages=c,ada,c++,go,brig,d,fortran,objc,obj-c++,m2 --prefix=/usr --with-gcc-major-version-only --program-suffix=-11 --program-prefix=x86_64-linux-gnu- --enable-shared --enable-linker-build-id --libexecdir=/usr/lib --without-included-gettext --enable-threads=posix --libdir=/usr/lib --enable-nls --enable-bootstrap --enable-clocale=gnu --enable-libstdcxx-debug --enable-libstdcxx-time=yes --with-default-libstdcxx-abi=new --enable-gnu-unique-object --disable-vtable-verify --enable-plugin --enable-default-pie --with-system-zlib --enable-libphobos-checking=release --with-target-system-zlib=auto --enable-objc-gc=auto --enable-multiarch --disable-werror --enable-cet --with-arch-32=i686 --with-abi=m64 --with-multilib-list=m32,m64,mx32 --enable-multilib --with-tune=generic --enable-offload-targets=nvptx-none=/build/gcc-11-2Y5pKs/gcc-11-11.4.0/debian/tmp-nvptx/usr,amdgcn-amdhsa=/build/gcc-11-2Y5pKs/gcc-11-11.4.0/debian/tmp-gcn/usr --without-cuda-driver --enable-checking=release --build=x86_64-linux-gnu --host=x86_64-linux-gnu --target=x86_64-linux-gnu --with-build-config=bootstrap-lto-lean --enable-link-serialization=2
Thread model: posix
Supported LTO compression algorithms: zlib zstd
gcc version 11.4.0 (Ubuntu 11.4.0-1ubuntu1~22.04.2) 
COMPILER_PATH=/usr/lib/gcc/x86_64-linux-gnu/11/:/usr/lib/gcc/x86_64-linux-gnu/11/:/usr/lib/gcc/x86_64-linux-gnu/:/usr/lib/gcc/x86_64-linux-gnu/11/:/usr/lib/gcc/x86_64-linux-gnu/
LIBRARY_PATH=/usr/lib/gcc/x86_64-linux-gnu/11/:/usr/lib/gcc/x86_64-linux-gnu/11/../../../x86_64-linux-gnu/:/usr/lib/gcc/x86_64-linux-gnu/11/../../../../lib/:/lib/x86_64-linux-gnu/:/lib/../lib/:/usr/lib/x86_64-linux-gnu/:/usr/lib/../lib/:/usr/lib/gcc/x86_64-linux-gnu/11/../../../:/lib/:/usr/lib/
COLLECT_GCC_OPTIONS='-v' '-o' 'cmTC_f58e8' '-mtune=generic' '-march=x86-64' '-dumpdir' 'cmTC_f58e8.'
 /usr/lib/gcc/x86_64-linux-gnu/11/collect2 -plugin /usr/lib/gcc/x86_64-linux-gnu/11/liblto_plugin.so -plugin-opt=/usr/lib/gcc/x86_64-linux-gnu/11/lto-wrapper -plugin-opt=-fresolution=/tmp/ccBAb8R3.res -plugin-opt=-pass-through=-lgcc -plugin-opt=-pass-through=-lgcc_s -plugin-opt=-pass-through=-lc -plugin-opt=-pass-through=-lgcc -plugin-opt=-pass-through=-lgcc_s --build-id --eh-frame-hdr -m elf_x86_64 --hash-style=gnu --as-needed -dynamic-linker /lib64/ld-linux-x86-64.so.2 -pie -z now -z relro -o cmTC_f58e8 /usr/lib/gcc/x86_64-linux-gnu/11/../../../x86_64-linux-gnu/Scrt1.o /usr/lib/gcc/x86_64-linux-gnu/11/../../../x86_64-linux-gnu/crti.o /usr/lib/gcc/x86_64-linux-gnu/11/crtbeginS.o -L/usr/lib/gcc/x86_64-linux-gnu/11 -L/usr/lib/gcc/x86_64-linux-gnu/11/../../../x86_64-linux-gnu -L/usr/lib/gcc/x86_64-linux-gnu/11/../../../../lib -L/lib/x86_64-linux-gnu -L/lib/../lib -L/usr/lib/x86_64-linux-gnu -L/usr/lib/../lib -L/usr/lib/gcc/x86_64-linux-gnu/11/../../.. CMakeFiles/cmTC_f58e8.dir/CMakeCCompilerABI.c.o -lgcc --push-state --as-needed -lgcc_s --pop-state -lc -lgcc --push-state --as-needed -lgcc_s --pop-state /usr/lib/gcc/x86_64-linux-gnu/11/crtendS.o /usr/lib/gcc/x86_64-linux-gnu/11/../../../x86_64-linux-gnu/crtn.o
COLLECT_GCC_OPTIONS='-v' '-o' 'cmTC_f58e8' '-mtune=generic' '-march=x86-64' '-dumpdir' 'cmTC_f58e8.'
gmake[1]: Leaving directory '/mnt/d/code_project/geekrun/external_fork/Kotoamatsukami/build/CMakeFiles/CMakeTmp'



Parsed C implicit include dir info from above output: rv=done
  found start of include info
  found start of implicit include info
    add: [/usr/lib/gcc/x86_64-linux-gnu/11/include]
    add: [/usr/local/include]
    add: [/usr/include/x86_64-linux-gnu]
    add: [/usr/include]
  end of search list found
  collapse include dir [/usr/lib/gcc/x86_64-linux-gnu/11/include] ==> [/usr/lib/gcc/x86_64-linux-gnu/11/include]
  collapse include dir [/usr/local/include] ==> [/usr/local/include]
  collapse include dir [/usr/include/x86_64-linux-gnu] ==> [/usr/include/x86_64-linux-gnu]
  collapse include dir [/usr/include] ==> [/usr/include]
  implicit include dirs: [/usr/lib/gcc/x86_64-linux-gnu/11/include;/usr/local/include;/usr/include/x86_64-linux-gnu;/usr/include]


Parsed C implicit link information from above output:
  link line regex: [^( *|.*[/\])(ld|CMAKE_LINK_STARTFILE-NOTFOUND|([^/\]+-)?ld|collect2)[^/\]*( |$)]
  ignore line: [Change Dir: /mnt/d/code_project/geekrun/external_fork/Kotoamatsukami/build/CMakeFiles/CMakeTmp]
  ignore line: []
  ignore line: [Run Build Command(s):/usr/bin/gmake -f Makefile cmTC_f58e8/fast && /usr/bin/gmake  -f CMakeFiles/cmTC_f58e8.dir/build.make CMakeFiles/cmTC_f58e8.dir/build]
  ignore line: [gmake[1]: Entering directory '/mnt/d/code_project/geekrun/external_fork/Kotoamatsukami/build/CMakeFiles/CMakeTmp']
  ignore line: [/usr/bin/cmake: /usr/local/lib/libcurl.so.4: no version information available (required by /usr/bin/cmake)]
  ignore line: [Building C object CMakeFiles/cmTC_f58e8.dir/CMakeCCompilerABI.c.o]
  ignore line: [/usr/bin/cc   -v -o CMakeFiles/cmTC_f58e8.dir/CMakeCCompilerABI.c.o -c /usr/share/cmake-3.22/Modules/CMakeCCompilerABI.c]
  ignore line: [Using built-in specs.]
  ignore line: [COLLECT_GCC=/usr/bin/cc]
  ignore line: [OFFLOAD_TARGET_NAMES=nvptx-none:amdgcn-amdhsa]
  ignore line: [OFFLOAD_TARGET_DEFAULT=1]
  ignore line: [Target: x86_64-linux-gnu]
  ignore line: [Configured with: ../src/configure -v --with-pkgversion='Ubuntu 11.4.0-1ubuntu1~22.04.2' --with-bugurl=file:///usr/share/doc/gcc-11/README.Bugs --enable-languages=c ada c++ go brig d fortran objc obj-c++ m2 --prefix=/usr --with-gcc-major-version-only --program-suffix=-11 --program-prefix=x86_64-linux-gnu- --enable-shared --enable-linker-build-id --libexecdir=/usr/lib --without-included-gettext --enable-threads=posix --libdir=/usr/lib --enable-nls --enable-bootstrap --enable-clocale=gnu --enable-libstdcxx-debug --enable-libstdcxx-time=yes --with-default-libstdcxx-abi=new --enable-gnu-unique-object --disable-vtable-verify --enable-plugin --enable-default-pie --with-system-zlib --enable-libphobos-checking=release --with-target-system-zlib=auto --enable-objc-gc=auto --enable-multiarch --disable-werror --enable-cet --with-arch-32=i686 --with-abi=m64 --with-multilib-list=m32 m64 mx32 --enable-multilib --with-tune=generic --enable-offload-targets=nvptx-none=/build/gcc-11-2Y5pKs/gcc-11-11.4.0/debian/tmp-nvptx/usr amdgcn-amdhsa=/build/gcc-11-2Y5pKs/gcc-11-11.4.0/debian/tmp-gcn/usr --without-cuda-driver --enable-checking=release --build=x86_64-linux-gnu --host=x86_64-linux-gnu --target=x86_64-linux-gnu --with-build-config=bootstrap-lto-lean --enable-link-serialization=2]
  ignore line: [Thread model: posix]
  ignore line: [Supported LTO compression algorithms: zlib zstd]
  ignore line: [gcc version 11.4.0 (Ubuntu 11.4.0-1ubuntu1~22.04.2) ]
  ignore line: [COLLECT_GCC_OPTIONS='-v' '-o' 'CMakeFiles/cmTC_f58e8.dir/CMakeCCompilerABI.c.o' '-c' '-mtune=generic' '-march=x86-64' '-dumpdir' 'CMakeFiles/cmTC_f58e8.dir/']
  ignore line: [ /usr/lib/gcc/x86_64-linux-gnu/11/cc1 -quiet -v -imultiarch x86_64-linux-gnu /usr/share/cmake-3.22/Modules/CMakeCCompilerABI.c -quiet -dumpdir CMakeFiles/cmTC_f58e8.dir/ -dumpbase CMakeCCompilerABI.c.c -dumpbase-ext .c -mtune=generic -march=x86-64 -version -fasynchronous-unwind-tables -fstack-protector-strong -Wformat -Wformat-security -fstack-clash-protection -fcf-protection -o /tmp/cc41Mob1.s]
  ignore line: [GNU C17 (Ubuntu 11.4.0-1ubuntu1~22.04.2) version 11.4.0 (x86_64-linux-gnu)]
  ignore line: [	compiled by GNU C version 11.4.0  GMP version 6.2.1  MPFR version 4.1.0  MPC version 1.2.1  isl version isl-0.24-GMP]
  ignore line: []
  ignore line: [GGC heuristics: --param ggc-min-expand=100 --param ggc-min-heapsize=131072]
  ignore line: [ignoring nonexistent directory "/usr/local/include/x86_64-linux-gnu"]
  ignore line: [ignoring nonexistent directory "/usr/lib/gcc/x86_64-linux-gnu/11/include-fixed"]
  ignore line: [ignoring nonexistent directory "/usr/lib/gcc/x86_64-linux-gnu/11/../../../../x86_64-linux-gnu/include"]
  ignore line: [#include "..." search starts here:]
  ignore line: [#include <...> search starts here:]
  ignore line: [ /usr/lib/gcc/x86_64-linux-gnu/11/include]
  ignore line: [ /usr/local/include]
  ignore line: [ /usr/include/x86_64-linux-gnu]
  ignore line: [ /usr/include]
  ignore line: [End of search list.]
  ignore line: [GNU C17 (Ubuntu 11.4.0-1ubuntu1~22.04.2) version 11.4.0 (x86_64-linux-gnu)]
  ignore line: [	compiled by GNU C version 11.4.0  GMP version 6.2.1  MPFR version 4.1.0  MPC version 1.2.1  isl version isl-0.24-GMP]
  ignore line: []
  ignore line: [GGC heuristics: --param ggc-min-expand=100 --param ggc-min-heapsize=131072]
  ignore line: [Compiler executable checksum: 4011c2103cba78949d7e02d0f0047a3d]
  ignore line: [COLLECT_GCC_OPTIONS='-v' '-o' 'CMakeFiles/cmTC_f58e8.dir/CMakeCCompilerABI.c.o' '-c' '-mtune=generic' '-march=x86-64' '-dumpdir' 'CMakeFiles/cmTC_f58e8.dir/']
  ignore line: [ as -v --64 -o CMakeFiles/cmTC_f58e8.dir/CMakeCCompilerABI.c.o /tmp/cc41Mob1.s]
  ignore line: [GNU assembler version 2.38 (x86_64-linux-gnu) using BFD version (GNU Binutils for Ubuntu) 2.38]
  ignore line: [COMPILER_PATH=/usr/lib/gcc/x86_64-linux-gnu/11/:/usr/lib/gcc/x86_64-linux-gnu/11/:/usr/lib/gcc/x86_64-linux-gnu/:/usr/lib/gcc/x86_64-linux-gnu/11/:/usr/lib/gcc/x86_64-linux-gnu/]
  ignore line: [LIBRARY_PATH=/usr/lib/gcc/x86_64-linux-gnu/11/:/usr/lib/gcc/x86_64-linux-gnu/11/../../../x86_64-linux-gnu/:/usr/lib/gcc/x86_64-linux-gnu/11/../../../../lib/:/lib/x86_64-linux-gnu/:/lib/../lib/:/usr/lib/x86_64-linux-gnu/:/usr/lib/../lib/:/usr/lib/gcc/x86_64-linux-gnu/11/../../../:/lib/:/usr/lib/]
  ignore line: [COLLECT_GCC_OPTIONS='-v' '-o' 'CMakeFiles/cmTC_f58e8.dir/CMakeCCompilerABI.c.o' '-c' '-mtune=generic' '-march=x86-64' '-dumpdir' 'CMakeFiles/cmTC_f58e8.dir/CMakeCCompilerABI.c.']
  ignore line: [/usr/bin/cmake: /usr/local/lib/libcurl.so.4: no version information available (required by /usr/bin/cmake)]
  ignore line: [Linking C executable cmTC_f58e8]
  ignore line: [/usr/bin/cmake -E cmake_link_script CMakeFiles/cmTC_f58e8.dir/link.txt --verbose=1]
  ignore line: [/usr/bin/cmake: /usr/local/lib/libcurl.so.4: no version information available (required by /usr/bin/cmake)]
  ignore line: [/usr/bin/cc  -v CMakeFiles/cmTC_f58e8.dir/CMakeCCompilerABI.c.o -o cmTC_f58e8 ]
  ignore line: [Using built-in specs.]
  ignore line: [COLLECT_GCC=/usr/bin/cc]
  ignore line: [COLLECT_LTO_WRAPPER=/usr/lib/gcc/x86_64-linux-gnu/11/lto-wrapper]
  ignore line: [OFFLOAD_TARGET_NAMES=nvptx-none:amdgcn-amdhsa]
  ignore line: [OFFLOAD_TARGET_DEFAULT=1]
  ignore line: [Target: x86_64-linux-gnu]
  ignore line: [Configured with: ../src/configure -v --with-pkgversion='Ubuntu 11.4.0-1ubuntu1~22.04.2' --with-bugurl=file:///usr/share/doc/gcc-11/README.Bugs --enable-languages=c ada c++ go brig d fortran objc obj-c++ m2 --prefix=/usr --with-gcc-major-version-only --program-suffix=-11 --program-prefix=x86_64-linux-gnu- --enable-shared --enable-linker-build-id --libexecdir=/usr/lib --without-included-gettext --enable-threads=posix --libdir=/usr/lib --enable-nls --enable-bootstrap --enable-clocale=gnu --enable-libstdcxx-debug --enable-libstdcxx-time=yes --with-default-libstdcxx-abi=new --enable-gnu-unique-object --disable-vtable-verify --enable-plugin --enable-default-pie --with-system-zlib --enable-libphobos-checking=release --with-target-system-zlib=auto --enable-objc-gc=auto --enable-multiarch --disable-werror --enable-cet --with-arch-32=i686 --with-abi=m64 --with-multilib-list=m32 m64 mx32 --enable-multilib --with-tune=generic --enable-offload-targets=nvptx-none=/build/gcc-11-2Y5pKs/gcc-11-11.4.0/debian/tmp-nvptx/usr amdgcn-amdhsa=/build/gcc-11-2Y5pKs/gcc-11-11.4.0/debian/tmp-gcn/usr --without-cuda-driver --enable-checking=release --build=x86_64-linux-gnu --host=x86_64-linux-gnu --target=x86_64-linux-gnu --with-build-config=bootstrap-lto-lean --enable-link-serialization=2]
  ignore line: [Thread model: posix]
  ignore line: [Supported LTO compression algorithms: zlib zstd]
  ignore line: [gcc version 11.4.0 (Ubuntu 11.4.0-1ubuntu1~22.04.2) ]
  ignore line: [COMPILER_PATH=/usr/lib/gcc/x86_64-linux-gnu/11/:/usr/lib/gcc/x86_64-linux-gnu/11/:/usr/lib/gcc/x86_64-linux-gnu/:/usr/lib/gcc/x86_64-linux-gnu/11/:/usr/lib/gcc/x86_64-linux-gnu/]
  ignore line: [LIBRARY_PATH=/usr/lib/gcc/x86_64-linux-gnu/11/:/usr/lib/gcc/x86_64-linux-gnu/11/../../../x86_64-linux-gnu/:/usr/lib/gcc/x86_64-linux-gnu/11/../../../../lib/:/lib/x86_64-linux-gnu/:/lib/../lib/:/usr/lib/x86_64-linux-gnu/:/usr/lib/../lib/:/usr/lib/gcc/x86_64-linux-gnu/11/../../../:/lib/:/usr/lib/]
  ignore line: [COLLECT_GCC_OPTIONS='-v' '-o' 'cmTC_f58e8' '-mtune=generic' '-march=x86-64' '-dumpdir' 'cmTC_f58e8.']
  link line: [ /usr/lib/gcc/x86_64-linux-gnu/11/collect2 -plugin /usr/lib/gcc/x86_64-linux-gnu/11/liblto_plugin.so -plugin-opt=/usr/lib/gcc/x86_64-linux-gnu/11/lto-wrapper -plugin-opt=-fresolution=/tmp/ccBAb8R3.res -plugin-opt=-pass-through=-lgcc -plugin-opt=-pass-through=-lgcc_s -plugin-opt=-pass-through=-lc -plugin-opt=-pass-through=-lgcc -plugin-opt=-pass-through=-lgcc_s --build-id --eh-frame-hdr -m elf_x86_64 --hash-style=gnu --as-needed -dynamic-linker /lib64/ld-linux-x86-64.so.2 -pie -z now -z relro -o cmTC_f58e8 /usr/lib/gcc/x86_64-linux-gnu/11/../../../x86_64-linux-gnu/Scrt1.o /usr/lib/gcc/x86_64-linux-gnu/11/../../../x86_64-linux-gnu/crti.o /usr/lib/gcc/x86_64-linux-gnu/11/crtbeginS.o -L/usr/lib/gcc/x86_64-linux-gnu/11 -L/usr/lib/gcc/x86_64-linux-gnu/11/../../../x86_64-linux-gnu -L/usr/lib/gcc/x86_64-linux-gnu/11/../../../../lib -L/lib/x86_64-linux-gnu -L/lib/../lib -L/usr/lib/x86_64-linux-gnu -L/usr/lib/../lib -L/usr/lib/gcc/x86_64-linux-gnu/11/../../.. CMakeFiles/cmTC_f58e8.dir/CMakeCCompilerABI.c.o -lgcc --push-state --as-needed -lgcc_s --pop-state -lc -lgcc --push-state --as-needed -lgcc_s --pop-state /usr/lib/gcc/x86_64-linux-gnu/11/crtendS.o /usr/lib/gcc/x86_64-linux-gnu/11/../../../x86_64-linux-gnu/crtn.o]
    arg [/usr/lib/gcc/x86_64-linux-gnu/11/collect2] ==> ignore
    arg [-plugin] ==> ignore
    arg [/usr/lib/gcc/x86_64-linux-gnu/11/liblto_plugin.so] ==> ignore
    arg [-plugin-opt=/usr/lib/gcc/x86_64-linux-gnu/11/lto-wrapper] ==> ignore
    arg [-plugin-opt=-fresolution=/tmp/ccBAb8R3.res] ==> ignore
    arg [-plugin-opt=-pass-through=-lgcc] ==> ignore
    arg [-plugin-opt=-pass-through=-lgcc_s] ==> ignore
    arg [-plugin-opt=-pass-through=-lc] ==> ignore
    arg [-plugin-opt=-pass-through=-lgcc] ==> ignore
    arg [-plugin-opt=-pass-through=-lgcc_s] ==> ignore
    arg [--build-id] ==> ignore
    arg [--eh-frame-hdr] ==> ignore
    arg [-m] ==> ignore
    arg [elf_x86_64] ==> ignore
    arg [--hash-style=gnu] ==> ignore
    arg [--as-needed] ==> ignore
    arg [-dynamic-linker] ==> ignore
    arg [/lib64/ld-linux-x86-64.so.2] ==> ignore
    arg [-pie] ==> ignore
    arg [-znow] ==> ignore
    arg [-zrelro] ==> ignore
    arg [-o] ==> ignore
    arg [cmTC_f58e8] ==> ignore
    arg [/usr/lib/gcc/x86_64-linux-gnu/11/../../../x86_64-linux-gnu/Scrt1.o] ==> obj [/usr/lib/gcc/x86_64-linux-gnu/11/../../../x86_64-linux-gnu/Scrt1.o]
    arg [/usr/lib/gcc/x86_64-linux-gnu/11/../../../x86_64-linux-gnu/crti.o] ==> obj [/usr/lib/gcc/x86_64-linux-gnu/11/../../../x86_64-linux-gnu/crti.o]
    arg [/usr/lib/gcc/x86_64-linux-gnu/11/crtbeginS.o] ==> obj [/usr/lib/gcc/x86_64-linux-gnu/11/crtbeginS.o]
    arg [-L/usr/lib/gcc/x86_64-linux-gnu/11] ==> dir [/usr/lib/gcc/x86_64-linux-gnu/11]
    arg [-L/usr/lib/gcc/x86_64-linux-gnu/11/../../../x86_64-linux-gnu] ==> dir [/usr/lib/gcc/x86_64-linux-gnu/11/../../../x86_64-linux-gnu]
    arg [-L/usr/lib/gcc/x86_64-linux-gnu/11/../../../../lib] ==> dir [/usr/lib/gcc/x86_64-linux-gnu/11/../../../../lib]
    arg [-L/lib/x86_64-linux-gnu] ==> dir [/lib/x86_64-linux-gnu]
    arg [-L/lib/../lib] ==> dir [/lib/../lib]
    arg [-L/usr/lib/x86_64-linux-gnu] ==> dir [/usr/lib/x86_64-linux-gnu]
    arg [-L/usr/lib/../lib] ==> dir [/usr/lib/../lib]
    arg [-L/usr/lib/gcc/x86_64-linux-gnu/11/../../..] ==> dir [/usr/lib/gcc/x86_64-linux-gnu/11/../../..]
    arg [CMakeFiles/cmTC_f58e8.dir/CMakeCCompilerABI.c.o] ==> ignore
    arg [-lgcc] ==> lib [gcc]
    arg [--push-state] ==> ignore
    arg [--as-needed] ==> ignore
    arg [-lgcc_s] ==> lib [gcc_s]
    arg [--pop-state] ==> ignore
    arg [-lc] ==> lib [c]
    arg [-lgcc] ==> lib [gcc]
    arg [--push-state] ==> ignore
    arg [--as-needed] ==> ignore
    arg [-lgcc_s] ==> lib [gcc_s]
    arg [--pop-state] ==> ignore
    arg [/usr/lib/gcc/x86_64-linux-gnu/11/crtendS.o] ==> obj [/usr/lib/gcc/x86_64-linux-gnu/11/crtendS.o]
    arg [/usr/lib/gcc/x86_64-linux-gnu/11/../../../x86_64-linux-gnu/crtn.o] ==> obj [/usr/lib/gcc/x86_64-linux-gnu/11/../../../x86_64-linux-gnu/crtn.o]
  collapse obj [/usr/lib/gcc/x86_64-linux-gnu/11/../../../x86_64-linux-gnu/Scrt1.o] ==> [/usr/lib/x86_64-linux-gnu/Scrt1.o]
  collapse obj [/usr/lib/gcc/x86_64-linux-gnu/11/../../../x86_64-linux-gnu/crti.o] ==> [/usr/lib/x86_64-linux-gnu/crti.o]
  collapse obj [/usr/lib/gcc/x86_64-linux-gnu/11/../../../x86_64-linux-gnu/crtn.o] ==> [/usr/lib/x86_64-linux-gnu/crtn.o]
  collapse library dir [/usr/lib/gcc/x86_64-linux-gnu/11] ==> [/usr/lib/gcc/x86_64-linux-gnu/11]
  collapse library dir [/usr/lib/gcc/x86_64-linux-gnu/11/../../../x86_64-linux-gnu] ==> [/usr/lib/x86_64-linux-gnu]
  collapse library dir [/usr/lib/gcc/x86_64-linux-gnu/11/../../../../lib] ==> [/usr/lib]
  collapse library dir [/lib/x86_64-linux-gnu] ==> [/lib/x86_64-linux-gnu]
  collapse library dir [/lib/../lib] ==> [/lib]
  collapse library dir [/usr/lib/x86_64-linux-gnu] ==> [/usr/lib/x86_64-linux-gnu]
  collapse library dir [/usr/lib/../lib] ==> [/usr/lib]
  collapse library dir [/usr/lib/gcc/x86_64-linux-gnu/11/../../..] ==> [/usr/lib]
  implicit libs: [gcc;gcc_s;c;gcc;gcc_s]
  implicit objs: [/usr/lib/x86_64-linux-gnu/Scrt1.o;/usr/lib/x86_64-linux-gnu/crti.o;/usr/lib/gcc/x86_64-linux-gnu/11/crtbeginS.o;/usr/lib/gcc/x86_64-linux-gnu/11/crtendS.o;/usr/lib/x86_64-linux-gnu/crtn.o]
  implicit dirs: [/usr/lib/gcc/x86_64-linux-gnu/11;/usr/lib/x86_64-linux-gnu;/usr/lib;/lib/x86_64-linux-gnu;/lib]
  implicit fwks: []


Detecting CXX compiler ABI info compiled with the following output:
Change Dir: /mnt/d/code_project/geekrun/external_fork/Kotoamatsukami/build/CMakeFiles/CMakeTmp

Run Build Command(s):/usr/bin/gmake -f Makefile cmTC_f633b/fast && /usr/bin/gmake  -f CMakeFiles/cmTC_f633b.dir/build.make CMakeFiles/cmTC_f633b.dir/build
gmake[1]: Entering directory '/mnt/d/code_project/geekrun/external_fork/Kotoamatsukami/build/CMakeFiles/CMakeTmp'
/usr/bin/cmake: /usr/local/lib/libcurl.so.4: no version information available (required by /usr/bin/cmake)
Building CXX object CMakeFiles/cmTC_f633b.dir/CMakeCXXCompilerABI.cpp.o
/usr/bin/c++   -v -o CMakeFiles/cmTC_f633b.dir/CMakeCXXCompilerABI.cpp.o -c /usr/share/cmake-3.22/Modules/CMakeCXXCompilerABI.cpp
Using built-in specs.
COLLECT_GCC=/usr/bin/c++
OFFLOAD_TARGET_NAMES=nvptx-none:amdgcn-amdhsa
OFFLOAD_TARGET_DEFAULT=1
Target: x86_64-linux-gnu
Configured with: ../src/configure -v --with-pkgversion='Ubuntu 11.4.0-1ubuntu1~22.04.2' --with-bugurl=file:///usr/share/doc/gcc-11/README.Bugs --enable-languages=c,ada,c++,go,brig,d,fortran,objc,obj-c++,m2 --prefix=/usr --with-gcc-major-version-only --program-suffix=-11 --program-prefix=x86_64-linux-gnu- --enable-shared --enable-linker-build-id --libexecdir=/usr/lib --without-included-gettext --enable-threads=posix --libdir=/usr/lib --enable-nls --enable-bootstrap --enable-clocale=gnu --enable-libstdcxx-debug --enable-libstdcxx-time=yes --with-default-libstdcxx-abi=new --enable-gnu-unique-object --disable-vtable-verify --enable-plugin --enable-default-pie --with-system-zlib --enable-libphobos-checking=release --with-target-system-zlib=auto --enable-objc-gc=auto --enable-multiarch --disable-werror --enable-cet --with-arch-32=i686 --with-abi=m64 --with-multilib-list=m32,m64,mx32 --enable-multilib --with-tune=generic --enable-offload-targets=nvptx-none=/build/gcc-11-2Y5pKs/gcc-11-11.4.0/debian/tmp-nvptx/usr,amdgcn-amdhsa=/build/gcc-11-2Y5pKs/gcc-11-11.4.0/debian/tmp-gcn/usr --without-cuda-driver --enable-checking=release --build=x86_64-linux-gnu --host=x86_64-linux-gnu --target=x86_64-linux-gnu --with-build-config=bootstrap-lto-lean --enable-link-serialization=2
Thread model: posix
Supported LTO compression algorithms: zlib zstd
gcc version 11.4.0 (Ubuntu 11.4.0-1ubuntu1~22.04.2) 
COLLECT_GCC_OPTIONS='-v' '-o' 'CMakeFiles/cmTC_f633b.dir/CMakeCXXCompilerABI.cpp.o' '-c' '-shared-libgcc' '-mtune=generic' '-march=x86-64' '-dumpdir' 'CMakeFiles/cmTC_f633b.dir/'
 /usr/lib/gcc/x86_64-linux-gnu/11/cc1plus -quiet -v -imultiarch x86_64-linux-gnu -D_GNU_SOURCE /usr/share/cmake-3.22/Modules/CMakeCXXCompilerABI.cpp -quiet -dumpdir CMakeFiles/cmTC_f633b.dir/ -dumpbase CMakeCXXCompilerABI.cpp.cpp -dumpbase-ext .cpp -mtune=generic -march=x86-64 -version -fasynchronous-unwind-tables -fstack-protector-strong -Wformat -Wformat-security -fstack-clash-protection -fcf-protection -o /tmp/ccwfAaL4.s
GNU C++17 (Ubuntu 11.4.0-1ubuntu1~22.04.2) version 11.4.0 (x86_64-linux-gnu)
	compiled by GNU C version 11.4.0, GMP version 6.2.1, MPFR version 4.1.0, MPC version 1.2.1, isl version isl-0.24-GMP

GGC heuristics: --param ggc-min-expand=100 --param ggc-min-heapsize=131072
ignoring duplicate directory "/usr/include/x86_64-linux-gnu/c++/11"
ignoring nonexistent directory "/usr/local/include/x86_64-linux-gnu"
ignoring nonexistent directory "/usr/lib/gcc/x86_64-linux-gnu/11/include-fixed"
ignoring nonexistent directory "/usr/lib/gcc/x86_64-linux-gnu/11/../../../../x86_64-linux-gnu/include"
#include "..." search starts here:
#include <...> search starts here:
 /usr/include/c++/11
 /usr/include/x86_64-linux-gnu/c++/11
 /usr/include/c++/11/backward
 /usr/lib/gcc/x86_64-linux-gnu/11/include
 /usr/local/include
 /usr/include/x86_64-linux-gnu
 /usr/include
End of search list.
GNU C++17 (Ubuntu 11.4.0-1ubuntu1~22.04.2) version 11.4.0 (x86_64-linux-gnu)
	compiled by GNU C version 11.4.0, GMP version 6.2.1, MPFR version 4.1.0, MPC version 1.2.1, isl version isl-0.24-GMP

GGC heuristics: --param ggc-min-expand=100 --param ggc-min-heapsize=131072
Compiler executable checksum: 6c87588fc345655b93b8c25f48f88886
COLLECT_GCC_OPTIONS='-v' '-o' 'CMakeFiles/cmTC_f633b.dir/CMakeCXXCompilerABI.cpp.o' '-c' '-shared-libgcc' '-mtune=generic' '-march=x86-64' '-dumpdir' 'CMakeFiles/cmTC_f633b.dir/'
 as -v --64 -o CMakeFiles/cmTC_f633b.dir/CMakeCXXCompilerABI.cpp.o /tmp/ccwfAaL4.s
GNU assembler version 2.38 (x86_64-linux-gnu) using BFD version (GNU Binutils for Ubuntu) 2.38
COMPILER_PATH=/usr/lib/gcc/x86_64-linux-gnu/11/:/usr/lib/gcc/x86_64-linux-gnu/11/:/usr/lib/gcc/x86_64-linux-gnu/:/usr/lib/gcc/x86_64-linux-gnu/11/:/usr/lib/gcc/x86_64-linux-gnu/
LIBRARY_PATH=/usr/lib/gcc/x86_64-linux-gnu/11/:/usr/lib/gcc/x86_64-linux-gnu/11/../../../x86_64-linux-gnu/:/usr/lib/gcc/x86_64-linux-gnu/11/../../../../lib/:/lib/x86_64-linux-gnu/:/lib/../lib/:/usr/lib/x86_64-linux-gnu/:/usr/lib/../lib/:/usr/lib/gcc/x86_64-linux-gnu/11/../../../:/lib/:/usr/lib/
COLLECT_GCC_OPTIONS='-v' '-o' 'CMakeFiles/cmTC_f633b.dir/CMakeCXXCompilerABI.cpp.o' '-c' '-shared-libgcc' '-mtune=generic' '-march=x86-64' '-dumpdir' 'CMakeFiles/cmTC_f633b.dir/CMakeCXXCompilerABI.cpp.'
/usr/bin/cmake: /usr/local/lib/libcurl.so.4: no version information available (required by /usr/bin/cmake)
Linking CXX executable cmTC_f633b
/usr/bin/cmake -E cmake_link_script CMakeFiles/cmTC_f633b.dir/link.txt --verbose=1
/usr/bin/cmake: /usr/local/lib/libcurl.so.4: no version information available (required by /usr/bin/cmake)
/usr/bin/c++  -v CMakeFiles/cmTC_f633b.dir/CMakeCXXCompilerABI.cpp.o -o cmTC_f633b 
Using built-in specs.
COLLECT_GCC=/usr/bin/c++
COLLECT_LTO_WRAPPER=/usr/lib/gcc/x86_64-linux-gnu/11/lto-wrapper
OFFLOAD_TARGET_NAMES=nvptx-none:amdgcn-amdhsa
OFFLOAD_TARGET_DEFAULT=1
Target: x86_64-linux-gnu
Configured with: ../src/configure -v --with-pkgversion='Ubuntu 11.4.0-1ubuntu1~22.04.2' --with-bugurl=file:///usr/share/doc/gcc-11/README.Bugs --enable-languages=c,ada,c++,go,brig,d,fortran,objc,obj-c++,m2 --prefix=/usr --with-gcc-major-version-only --program-suffix=-11 --program-prefix=x86_64-linux-gnu- --enable-shared --enable-linker-build-id --libexecdir=/usr/lib --without-included-gettext --enable-threads=posix --libdir=/usr/lib --enable-nls --enable-bootstrap --enable-clocale=gnu --enable-libstdcxx-debug --enable-libstdcxx-time=yes --with-default-libstdcxx-abi=new --enable-gnu-unique-object --disable-vtable-verify --enable-plugin --enable-default-pie --with-system-zlib --enable-libphobos-checking=release --with-target-system-zlib=auto --enable-objc-gc=auto --enable-multiarch --disable-werror --enable-cet --with-arch-32=i686 --with-abi=m64 --with-multilib-list=m32,m64,mx32 --enable-multilib --with-tune=generic --enable-offload-targets=nvptx-none=/build/gcc-11-2Y5pKs/gcc-11-11.4.0/debian/tmp-nvptx/usr,amdgcn-amdhsa=/build/gcc-11-2Y5pKs/gcc-11-11.4.0/debian/tmp-gcn/usr --without-cuda-driver --enable-checking=release --build=x86_64-linux-gnu --host=x86_64-linux-gnu --target=x86_64-linux-gnu --with-build-config=bootstrap-lto-lean --enable-link-serialization=2
Thread model: posix
Supported LTO compression algorithms: zlib zstd
gcc version 11.4.0 (Ubuntu 11.4.0-1ubuntu1~22.04.2) 
COMPILER_PATH=/usr/lib/gcc/x86_64-linux-gnu/11/:/usr/lib/gcc/x86_64-linux-gnu/11/:/usr/lib/gcc/x86_64-linux-gnu/:/usr/lib/gcc/x86_64-linux-gnu/11/:/usr/lib/gcc/x86_64-linux-gnu/
LIBRARY_PATH=/usr/lib/gcc/x86_64-linux-gnu/11/:/usr/lib/gcc/x86_64-linux-gnu/11/../../../x86_64-linux-gnu/:/usr/lib/gcc/x86_64-linux-gnu/11/../../../../lib/:/lib/x86_64-linux-gnu/:/lib/../lib/:/usr/lib/x86_64-linux-gnu/:/usr/lib/../lib/:/usr/lib/gcc/x86_64-linux-gnu/11/../../../:/lib/:/usr/lib/
COLLECT_GCC_OPTIONS='-v' '-o' 'cmTC_f633b' '-shared-libgcc' '-mtune=generic' '-march=x86-64' '-dumpdir' 'cmTC_f633b.'
 /usr/lib/gcc/x86_64-linux-gnu/11/collect2 -plugin /usr/lib/gcc/x86_64-linux-gnu/11/liblto_plugin.so -plugin-opt=/usr/lib/gcc/x86_64-linux-gnu/11/lto-wrapper -plugin-opt=-fresolution=/tmp/ccqrMeS4.res -plugin-opt=-pass-through=-lgcc_s -plugin-opt=-pass-through=-lgcc -plugin-opt=-pass-through=-lc -plugin-opt=-pass-through=-lgcc_s -plugin-opt=-pass-through=-lgcc --build-id --eh-frame-hdr -m elf_x86_64 --hash-style=gnu --as-needed -dynamic-linker /lib64/ld-linux-x86-64.so.2 -pie -z now -z relro -o cmTC_f633b /usr/lib/gcc/x86_64-linux-gnu/11/../../../x86_64-linux-gnu/Scrt1.o /usr/lib/gcc/x86_64-linux-gnu/11/../../../x86_64-linux-gnu/crti.o /usr/lib/gcc/x86_64-linux-gnu/11/crtbeginS.o -L/usr/lib/gcc/x86_64-linux-gnu/11 -L/usr/lib/gcc/x86_64-linux-gnu/11/../../../x86_64-linux-gnu -L/usr/lib/gcc/x86_64-linux-gnu/11/../../../../lib -L/lib/x86_64-linux-gnu -L/lib/../lib -L/usr/lib/x86_64-linux-gnu -L/usr/lib/../lib -L/usr/lib/gcc/x86_64-linux-gnu/11/../../.. CMakeFiles/cmTC_f633b.dir/CMakeCXXCompilerABI.cpp.o -lstdc++ -lm -lgcc_s -lgcc -lc -lgcc_s -lgcc /usr/lib/gcc/x86_64-linux-gnu/11/crtendS.o /usr/lib/gcc/x86_64-linux-gnu/11/../../../x86_64-linux-gnu/crtn.o
COLLECT_GCC_OPTIONS='-v' '-o' 'cmTC_f633b' '-shared-libgcc' '-mtune=generic' '-march=x86-64' '-dumpdir' 'cmTC_f633b.'
gmake[1]: Leaving directory '/mnt/d/code_project/geekrun/external_fork/Kotoamatsukami/build/CMakeFiles/CMakeTmp'



Parsed CXX implicit include dir info from above output: rv=done
  found start of include info
  found start of implicit include info
    add: [/usr/include/c++/11]
    add: [/usr/include/x86_64-linux-gnu/c++/11]
    add: [/usr/include/c++/11/backward]
    add: [/usr/lib/gcc/x86_64-linux-gnu/11/include]
    add: [/usr/local/include]
    add: [/usr/include/x86_64-linux-gnu]
    add: [/usr/include]
  end of search list found
  collapse include dir [/usr/include/c++/11] ==> [/usr/include/c++/11]
  collapse include dir [/usr/include/x86_64-linux-gnu/c++/11] ==> [/usr/include/x86_64-linux-gnu/c++/11]
  collapse include dir [/usr/include/c++/11/backward] ==> [/usr/include/c++/11/backward]
  collapse include dir [/usr/lib/gcc/x86_64-linux-gnu/11/include] ==> [/usr/lib/gcc/x86_64-linux-gnu/11/include]
  collapse include dir [/usr/local/include] ==> [/usr/local/include]
  collapse include dir [/usr/include/x86_64-linux-gnu] ==> [/usr/include/x86_64-linux-gnu]
  collapse include dir [/usr/include] ==> [/usr/include]
  implicit include dirs: [/usr/include/c++/11;/usr/include/x86_64-linux-gnu/c++/11;/usr/include/c++/11/backward;/usr/lib/gcc/x86_64-linux-gnu/11/include;/usr/local/include;/usr/include/x86_64-linux-gnu;/usr/include]


Parsed CXX implicit link information from above output:
  link line regex: [^( *|.*[/\])(ld|CMAKE_LINK_STARTFILE-NOTFOUND|([^/\]+-)?ld|collect2)[^/\]*( |$)]
  ignore line: [Change Dir: /mnt/d/code_project/geekrun/external_fork/Kotoamatsukami/build/CMakeFiles/CMakeTmp]
  ignore line: []
  ignore line: [Run Build Command(s):/usr/bin/gmake -f Makefile cmTC_f633b/fast && /usr/bin/gmake  -f CMakeFiles/cmTC_f633b.dir/build.make CMakeFiles/cmTC_f633b.dir/build]
  ignore line: [gmake[1]: Entering directory '/mnt/d/code_project/geekrun/external_fork/Kotoamatsukami/build/CMakeFiles/CMakeTmp']
  ignore line: [/usr/bin/cmake: /usr/local/lib/libcurl.so.4: no version information available (required by /usr/bin/cmake)]
  ignore line: [Building CXX object CMakeFiles/cmTC_f633b.dir/CMakeCXXCompilerABI.cpp.o]
  ignore line: [/usr/bin/c++   -v -o CMakeFiles/cmTC_f633b.dir/CMakeCXXCompilerABI.cpp.o -c /usr/share/cmake-3.22/Modules/CMakeCXXCompilerABI.cpp]
  ignore line: [Using built-in specs.]
  ignore line: [COLLECT_GCC=/usr/bin/c++]
  ignore line: [OFFLOAD_TARGET_NAMES=nvptx-none:amdgcn-amdhsa]
  ignore line: [OFFLOAD_TARGET_DEFAULT=1]
  ignore line: [Target: x86_64-linux-gnu]
  ignore line: [Configured with: ../src/configure -v --with-pkgversion='Ubuntu 11.4.0-1ubuntu1~22.04.2' --with-bugurl=file:///usr/share/doc/gcc-11/README.Bugs --enable-languages=c ada c++ go brig d fortran objc obj-c++ m2 --prefix=/usr --with-gcc-major-version-only --program-suffix=-11 --program-prefix=x86_64-linux-gnu- --enable-shared --enable-linker-build-id --libexecdir=/usr/lib --without-included-gettext --enable-threads=posix --libdir=/usr/lib --enable-nls --enable-bootstrap --enable-clocale=gnu --enable-libstdcxx-debug --enable-libstdcxx-time=yes --with-default-libstdcxx-abi=new --enable-gnu-unique-object --disable-vtable-verify --enable-plugin --enable-default-pie --with-system-zlib --enable-libphobos-checking=release --with-target-system-zlib=auto --enable-objc-gc=auto --enable-multiarch --disable-werror --enable-cet --with-arch-32=i686 --with-abi=m64 --with-multilib-list=m32 m64 mx32 --enable-multilib --with-tune=generic --enable-offload-targets=nvptx-none=/build/gcc-11-2Y5pKs/gcc-11-11.4.0/debian/tmp-nvptx/usr amdgcn-amdhsa=/build/gcc-11-2Y5pKs/gcc-11-11.4.0/debian/tmp-gcn/usr --without-cuda-driver --enable-checking=release --build=x86_64-linux-gnu --host=x86_64-linux-gnu --target=x86_64-linux-gnu --with-build-config=bootstrap-lto-lean --enable-link-serialization=2]
  ignore line: [Thread model: posix]
  ignore line: [Supported LTO compression algorithms: zlib zstd]
  ignore line: [gcc version 11.4.0 (Ubuntu 11.4.0-1ubuntu1~22.04.2) ]
  ignore line: [COLLECT_GCC_OPTIONS='-v' '-o' 'CMakeFiles/cmTC_f633b.dir/CMakeCXXCompilerABI.cpp.o' '-c' '-shared-libgcc' '-mtune=generic' '-march=x86-64' '-dumpdir' 'CMakeFiles/cmTC_f633b.dir/']
  ignore line: [ /usr/lib/gcc/x86_64-linux-gnu/11/cc1plus -quiet -v -imultiarch x86_64-linux-gnu -D_GNU_SOURCE /usr/share/cmake-3.22/Modules/CMakeCXXCompilerABI.cpp -quiet -dumpdir CMakeFiles/cmTC_f633b.dir/ -dumpbase CMakeCXXCompilerABI.cpp.cpp -dumpbase-ext .cpp -mtune=generic -march=x86-64 -version -fasynchronous-unwind-tables -fstack-protector-strong -Wformat -Wformat-security -fstack-clash-protection -fcf-protection -o /tmp/ccwfAaL4.s]
  ignore line: [GNU C++17 (Ubuntu 11.4.0-1ubuntu1~22.04.2) version 11.4.0 (x86_64-linux-gnu)]
  ignore line: [	compiled by GNU C version 11.4.0  GMP version 6.2.1  MPFR version 4.1.0  MPC version 1.2.1  isl version isl-0.24-GMP]
  ignore line: []
  ignore line: [GGC heuristics: --param ggc-min-expand=100 --param ggc-min-heapsize=131072]
  ignore line: [ignoring duplicate directory "/usr/include/x86_64-linux-gnu/c++/11"]
  ignore line: [ignoring nonexistent directory "/usr/local/include/x86_64-linux-gnu"]
  ignore line: [ignoring nonexistent directory "/usr/lib/gcc/x86_64-linux-gnu/11/include-fixed"]
  ignore line: [ignoring nonexistent directory "/usr/lib/gcc/x86_64-linux-gnu/11/../../../../x86_64-linux-gnu/include"]
  ignore line: [#include "..." search starts here:]
  ignore line: [#include <...> search starts here:]
  ignore line: [ /usr/include/c++/11]
  ignore line: [ /usr/include/x86_64-linux-gnu/c++/11]
  ignore line: [ /usr/include/c++/11/backward]
  ignore line: [ /usr/lib/gcc/x86_64-linux-gnu/11/include]
  ignore line: [ /usr/local/include]
  ignore line: [ /usr/include/x86_64-linux-gnu]
  ignore line: [ /usr/include]
  ignore line: [End of search list.]
  ignore line: [GNU C++17 (Ubuntu 11.4.0-1ubuntu1~22.04.2) version 11.4.0 (x86_64-linux-gnu)]
  ignore line: [	compiled by GNU C version 11.4.0  GMP version 6.2.1  MPFR version 4.1.0  MPC version 1.2.1  isl version isl-0.24-GMP]
  ignore line: []
  ignore line: [GGC heuristics: --param ggc-min-expand=100 --param ggc-min-heapsize=131072]
  ignore line: [Compiler executable checksum: 6c87588fc345655b93b8c25f48f88886]
  ignore line: [COLLECT_GCC_OPTIONS='-v' '-o' 'CMakeFiles/cmTC_f633b.dir/CMakeCXXCompilerABI.cpp.o' '-c' '-shared-libgcc' '-mtune=generic' '-march=x86-64' '-dumpdir' 'CMakeFiles/cmTC_f633b.dir/']
  ignore line: [ as -v --64 -o CMakeFiles/cmTC_f633b.dir/CMakeCXXCompilerABI.cpp.o /tmp/ccwfAaL4.s]
  ignore line: [GNU assembler version 2.38 (x86_64-linux-gnu) using BFD version (GNU Binutils for Ubuntu) 2.38]
  ignore line: [COMPILER_PATH=/usr/lib/gcc/x86_64-linux-gnu/11/:/usr/lib/gcc/x86_64-linux-gnu/11/:/usr/lib/gcc/x86_64-linux-gnu/:/usr/lib/gcc/x86_64-linux-gnu/11/:/usr/lib/gcc/x86_64-linux-gnu/]
  ignore line: [LIBRARY_PATH=/usr/lib/gcc/x86_64-linux-gnu/11/:/usr/lib/gcc/x86_64-linux-gnu/11/../../../x86_64-linux-gnu/:/usr/lib/gcc/x86_64-linux-gnu/11/../../../../lib/:/lib/x86_64-linux-gnu/:/lib/../lib/:/usr/lib/x86_64-linux-gnu/:/usr/lib/../lib/:/usr/lib/gcc/x86_64-linux-gnu/11/../../../:/lib/:/usr/lib/]
  ignore line: [COLLECT_GCC_OPTIONS='-v' '-o' 'CMakeFiles/cmTC_f633b.dir/CMakeCXXCompilerABI.cpp.o' '-c' '-shared-libgcc' '-mtune=generic' '-march=x86-64' '-dumpdir' 'CMakeFiles/cmTC_f633b.dir/CMakeCXXCompilerABI.cpp.']
  ignore line: [/usr/bin/cmake: /usr/local/lib/libcurl.so.4: no version information available (required by /usr/bin/cmake)]
  ignore line: [Linking CXX executable cmTC_f633b]
  ignore line: [/usr/bin/cmake -E cmake_link_script CMakeFiles/cmTC_f633b.dir/link.txt --verbose=1]
  ignore line: [/usr/bin/cmake: /usr/local/lib/libcurl.so.4: no version information available (required by /usr/bin/cmake)]
  ignore line: [/usr/bin/c++  -v CMakeFiles/cmTC_f633b.dir/CMakeCXXCompilerABI.cpp.o -o cmTC_f633b ]
  ignore line: [Using built-in specs.]
  ignore line: [COLLECT_GCC=/usr/bin/c++]
  ignore line: [COLLECT_LTO_WRAPPER=/usr/lib/gcc/x86_64-linux-gnu/11/lto-wrapper]
  ignore line: [OFFLOAD_TARGET_NAMES=nvptx-none:amdgcn-amdhsa]
  ignore line: [OFFLOAD_TARGET_DEFAULT=1]
  ignore line: [Target: x86_64-linux-gnu]
  ignore line: [Configured with: ../src/configure -v --with-pkgversion='Ubuntu 11.4.0-1ubuntu1~22.04.2' --with-bugurl=file:///usr/share/doc/gcc-11/README.Bugs --enable-languages=c ada c++ go brig d fortran objc obj-c++ m2 --prefix=/usr --with-gcc-major-version-only --program-suffix=-11 --program-prefix=x86_64-linux-gnu- --enable-shared --enable-linker-build-id --libexecdir=/usr/lib --without-included-gettext --enable-threads=posix --libdir=/usr/lib --enable-nls --enable-bootstrap --enable-clocale=gnu --enable-libstdcxx-debug --enable-libstdcxx-time=yes --with-default-libstdcxx-abi=new --enable-gnu-unique-object --disable-vtable-verify --enable-plugin --enable-default-pie --with-system-zlib --enable-libphobos-checking=release --with-target-system-zlib=auto --enable-objc-gc=auto --enable-multiarch --disable-werror --enable-cet --with-arch-32=i686 --with-abi=m64 --with-multilib-list=m32 m64 mx32 --enable-multilib --with-tune=generic --enable-offload-targets=nvptx-none=/build/gcc-11-2Y5pKs/gcc-11-11.4.0/debian/tmp-nvptx/usr amdgcn-amdhsa=/build/gcc-11-2Y5pKs/gcc-11-11.4.0/debian/tmp-gcn/usr --without-cuda-driver --enable-checking=release --build=x86_64-linux-gnu --host=x86_64-linux-gnu --target=x86_64-linux-gnu --with-build-config=bootstrap-lto-lean --enable-link-serialization=2]
  ignore line: [Thread model: posix]
  ignore line: [Supported LTO compression algorithms: zlib zstd]
  ignore line: [gcc version 11.4.0 (Ubuntu 11.4.0-1ubuntu1~22.04.2) ]
  ignore line: [COMPILER_PATH=/usr/lib/gcc/x86_64-linux-gnu/11/:/usr/lib/gcc/x86_64-linux-gnu/11/:/usr/lib/gcc/x86_64-linux-gnu/:/usr/lib/gcc/x86_64-linux-gnu/11/:/usr/lib/gcc/x86_64-linux-gnu/]
  ignore line: [LIBRARY_PATH=/usr/lib/gcc/x86_64-linux-gnu/11/:/usr/lib/gcc/x86_64-linux-gnu/11/../../../x86_64-linux-gnu/:/usr/lib/gcc/x86_64-linux-gnu/11/../../../../lib/:/lib/x86_64-linux-gnu/:/lib/../lib/:/usr/lib/x86_64-linux-gnu/:/usr/lib/../lib/:/usr/lib/gcc/x86_64-linux-gnu/11/../../../:/lib/:/usr/lib/]
  ignore line: [COLLECT_GCC_OPTIONS='-v' '-o' 'cmTC_f633b' '-shared-libgcc' '-mtune=generic' '-march=x86-64' '-dumpdir' 'cmTC_f633b.']
  link line: [ /usr/lib/gcc/x86_64-linux-gnu/11/collect2 -plugin /usr/lib/gcc/x86_64-linux-gnu/11/liblto_plugin.so -plugin-opt=/usr/lib/gcc/x86_64-linux-gnu/11/lto-wrapper -plugin-opt=-fresolution=/tmp/ccqrMeS4.res -plugin-opt=-pass-through=-lgcc_s -plugin-opt=-pass-through=-lgcc -plugin-opt=-pass-through=-lc -plugin-opt=-pass-through=-lgcc_s -plugin-opt=-pass-through=-lgcc --build-id --eh-frame-hdr -m elf_x86_64 --hash-style=gnu --as-needed -dynamic-linker /lib64/ld-linux-x86-64.so.2 -pie -z now -z relro -o cmTC_f633b /usr/lib/gcc/x86_64-linux-gnu/11/../../../x86_64-linux-gnu/Scrt1.o /usr/lib/gcc/x86_64-linux-gnu/11/../../../x86_64-linux-gnu/crti.o /usr/lib/gcc/x86_64-linux-gnu/11/crtbeginS.o -L/usr/lib/gcc/x86_64-linux-gnu/11 -L/usr/lib/gcc/x86_64-linux-gnu/11/../../../x86_64-linux-gnu -L/usr/lib/gcc/x86_64-linux-gnu/11/../../../../lib -L/lib/x86_64-linux-gnu -L/lib/../lib -L/usr/lib/x86_64-linux-gnu -L/usr/lib/../lib -L/usr/lib/gcc/x86_64-linux-gnu/11/../../.. CMakeFiles/cmTC_f633b.dir/CMakeCXXCompilerABI.cpp.o -lstdc++ -lm -lgcc_s -lgcc -lc -lgcc_s -lgcc /usr/lib/gcc/x86_64-linux-gnu/11/crtendS.o /usr/lib/gcc/x86_64-linux-gnu/11/../../../x86_64-linux-gnu/crtn.o]
    arg [/usr/lib/gcc/x86_64-linux-gnu/11/collect2] ==> ignore
    arg [-plugin] ==> ignore
    arg [/usr/lib/gcc/x86_64-linux-gnu/11/liblto_plugin.so] ==> ignore
    arg [-plugin-opt=/usr/lib/gcc/x86_64-linux-gnu/11/lto-wrapper] ==> ignore
    arg [-plugin-opt=-fresolution=/tmp/ccqrMeS4.res] ==> ignore
    arg [-plugin-opt=-pass-through=-lgcc_s] ==> ignore
    arg [-plugin-opt=-pass-through=-lgcc] ==> ignore
    arg [-plugin-opt=-pass-through=-lc] ==> ignore
    arg [-plugin-opt=-pass-through=-lgcc_s] ==> ignore
    arg [-plugin-opt=-pass-through=-lgcc] ==> ignore
    arg [--build-id] ==> ignore
    arg [--eh-frame-hdr] ==> ignore
    arg [-m] ==> ignore
    arg [elf_x86_64] ==> ignore
    arg [--hash-style=gnu] ==> ignore
    arg [--as-needed] ==> ignore
    arg [-dynamic-linker] ==> ignore
    arg [/lib64/ld-linux-x86-64.so.2] ==> ignore
    arg [-pie] ==> ignore
    arg [-znow] ==> ignore
    arg [-zrelro] ==> ignore
    arg [-o] ==> ignore
    arg [cmTC_f633b] ==> ignore
    arg [/usr/lib/gcc/x86_64-linux-gnu/11/../../../x86_64-linux-gnu/Scrt1.o] ==> obj [/usr/lib/gcc/x86_64-linux-gnu/11/../../../x86_64-linux-gnu/Scrt1.o]
    arg [/usr/lib/gcc/x86_64-linux-gnu/11/../../../x86_64-linux-gnu/crti.o] ==> obj [/usr/lib/gcc/x86_64-linux-gnu/11/../../../x86_64-linux-gnu/crti.o]
    arg [/usr/lib/gcc/x86_64-linux-gnu/11/crtbeginS.o] ==> obj [/usr/lib/gcc/x86_64-linux-gnu/11/crtbeginS.o]
    arg [-L/usr/lib/gcc/x86_64-linux-gnu/11] ==> dir [/usr/lib/gcc/x86_64-linux-gnu/11]
    arg [-L/usr/lib/gcc/x86_64-linux-gnu/11/../../../x86_64-linux-gnu] ==> dir [/usr/lib/gcc/x86_64-linux-gnu/11/../../../x86_64-linux-gnu]
    arg [-L/usr/lib/gcc/x86_64-linux-gnu/11/../../../../lib] ==> dir [/usr/lib/gcc/x86_64-linux-gnu/11/../../../../lib]
    arg [-L/lib/x86_64-linux-gnu] ==> dir [/lib/x86_64-linux-gnu]
    arg [-L/lib/../lib] ==> dir [/lib/../lib]
    arg [-L/usr/lib/x86_64-linux-gnu] ==> dir [/usr/lib/x86_64-linux-gnu]
    arg [-L/usr/lib/../lib] ==> dir [/usr/lib/../lib]
    arg [-L/usr/lib/gcc/x86_64-linux-gnu/11/../../..] ==> dir [/usr/lib/gcc/x86_64-linux-gnu/11/../../..]
    arg [CMakeFiles/cmTC_f633b.dir/CMakeCXXCompilerABI.cpp.o] ==> ignore
    arg [-lstdc++] ==> lib [stdc++]
    arg [-lm] ==> lib [m]
    arg [-lgcc_s] ==> lib [gcc_s]
    arg [-lgcc] ==> lib [gcc]
    arg [-lc] ==> lib [c]
    arg [-lgcc_s] ==> lib [gcc_s]
    arg [-lgcc] ==> lib [gcc]
    arg [/usr/lib/gcc/x86_64-linux-gnu/11/crtendS.o] ==> obj [/usr/lib/gcc/x86_64-linux-gnu/11/crtendS.o]
    arg [/usr/lib/gcc/x86_64-linux-gnu/11/../../../x86_64-linux-gnu/crtn.o] ==> obj [/usr/lib/gcc/x86_64-linux-gnu/11/../../../x86_64-linux-gnu/crtn.o]
  collapse obj [/usr/lib/gcc/x86_64-linux-gnu/11/../../../x86_64-linux-gnu/Scrt1.o] ==> [/usr/lib/x86_64-linux-gnu/Scrt1.o]
  collapse obj [/usr/lib/gcc/x86_64-linux-gnu/11/../../../x86_64-linux-gnu/crti.o] ==> [/usr/lib/x86_64-linux-gnu/crti.o]
  collapse obj [/usr/lib/gcc/x86_64-linux-gnu/11/../../../x86_64-linux-gnu/crtn.o] ==> [/usr/lib/x86_64-linux-gnu/crtn.o]
  collapse library dir [/usr/lib/gcc/x86_64-linux-gnu/11] ==> [/usr/lib/gcc/x86_64-linux-gnu/11]
  collapse library dir [/usr/lib/gcc/x86_64-linux-gnu/11/../../../x86_64-linux-gnu] ==> [/usr/lib/x86_64-linux-gnu]
  collapse library dir [/usr/lib/gcc/x86_64-linux-gnu/11/../../../../lib] ==> [/usr/lib]
  collapse library dir [/lib/x86_64-linux-gnu] ==> [/lib/x86_64-linux-gnu]
  collapse library dir [/lib/../lib] ==> [/lib]
  collapse library dir [/usr/lib/x86_64-linux-gnu] ==> [/usr/lib/x86_64-linux-gnu]
  collapse library dir [/usr/lib/../lib] ==> [/usr/lib]
  collapse library dir [/usr/lib/gcc/x86_64-linux-gnu/11/../../..] ==> [/usr/lib]
  implicit libs: [stdc++;m;gcc_s;gcc;c;gcc_s;gcc]
  implicit objs: [/usr/lib/x86_64-linux-gnu/Scrt1.o;/usr/lib/x86_64-linux-gnu/crti.o;/usr/lib/gcc/x86_64-linux-gnu/11/crtbeginS.o;/usr/lib/gcc/x86_64-linux-gnu/11/crtendS.o;/usr/lib/x86_64-linux-gnu/crtn.o]
  implicit dirs: [/usr/lib/gcc/x86_64-linux-gnu/11;/usr/lib/x86_64-linux-gnu;/usr/lib;/lib/x86_64-linux-gnu;/lib]
  implicit fwks: []


Performing C SOURCE FILE Test HAVE_FFI_CALL succeeded with the following output:
Change Dir: /mnt/d/code_project/geekrun/external_fork/Kotoamatsukami/build/CMakeFiles/CMakeTmp

Run Build Command(s):/usr/bin/gmake -f Makefile cmTC_924c0/fast && /usr/bin/gmake  -f CMakeFiles/cmTC_924c0.dir/build.make CMakeFiles/cmTC_924c0.dir/build
gmake[1]: Entering directory '/mnt/d/code_project/geekrun/external_fork/Kotoamatsukami/build/CMakeFiles/CMakeTmp'
/usr/bin/cmake: /usr/local/lib/libcurl.so.4: no version information available (required by /usr/bin/cmake)
Building C object CMakeFiles/cmTC_924c0.dir/src.c.o
/usr/bin/cc -DHAVE_FFI_CALL  -g  -o CMakeFiles/cmTC_924c0.dir/src.c.o -c /mnt/d/code_project/geekrun/external_fork/Kotoamatsukami/build/CMakeFiles/CMakeTmp/src.c
/usr/bin/cmake: /usr/local/lib/libcurl.so.4: no version information available (required by /usr/bin/cmake)
Linking C executable cmTC_924c0
/usr/bin/cmake -E cmake_link_script CMakeFiles/cmTC_924c0.dir/link.txt --verbose=1
/usr/bin/cmake: /usr/local/lib/libcurl.so.4: no version information available (required by /usr/bin/cmake)
/usr/bin/cc  -g  CMakeFiles/cmTC_924c0.dir/src.c.o -o cmTC_924c0  /usr/lib/x86_64-linux-gnu/libffi.so 
gmake[1]: Leaving directory '/mnt/d/code_project/geekrun/external_fork/Kotoamatsukami/build/CMakeFiles/CMakeTmp'


Source file was:

    struct ffi_cif;
    typedef struct ffi_cif ffi_cif;
    void ffi_call(ffi_cif *cif, void (*fn)(void), void *rvalue, void **avalue);
    int main(void) { ffi_call(0, 0, 0, 0); }
Determining if the include file histedit.h exists passed with the following output:
Change Dir: /mnt/d/code_project/geekrun/external_fork/Kotoamatsukami/build/CMakeFiles/CMakeTmp

Run Build Command(s):/usr/bin/gmake -f Makefile cmTC_ab5e2/fast && /usr/bin/gmake  -f CMakeFiles/cmTC_ab5e2.dir/build.make CMakeFiles/cmTC_ab5e2.dir/build
gmake[1]: Entering directory '/mnt/d/code_project/geekrun/external_fork/Kotoamatsukami/build/CMakeFiles/CMakeTmp'
/usr/bin/cmake: /usr/local/lib/libcurl.so.4: no version information available (required by /usr/bin/cmake)
Building C object CMakeFiles/cmTC_ab5e2.dir/CheckIncludeFile.c.o
/usr/bin/cc   -g  -o CMakeFiles/cmTC_ab5e2.dir/CheckIncludeFile.c.o -c /mnt/d/code_project/geekrun/external_fork/Kotoamatsukami/build/CMakeFiles/CMakeTmp/CheckIncludeFile.c
/usr/bin/cmake: /usr/local/lib/libcurl.so.4: no version information available (required by /usr/bin/cmake)
Linking C executable cmTC_ab5e2
/usr/bin/cmake -E cmake_link_script CMakeFiles/cmTC_ab5e2.dir/link.txt --verbose=1
/usr/bin/cmake: /usr/local/lib/libcurl.so.4: no version information available (required by /usr/bin/cmake)
/usr/bin/cc  -g  CMakeFiles/cmTC_ab5e2.dir/CheckIncludeFile.c.o -o cmTC_ab5e2 
gmake[1]: Leaving directory '/mnt/d/code_project/geekrun/external_fork/Kotoamatsukami/build/CMakeFiles/CMakeTmp'



Performing C SOURCE FILE Test Terminfo_LINKABLE succeeded with the following output:
Change Dir: /mnt/d/code_project/geekrun/external_fork/Kotoamatsukami/build/CMakeFiles/CMakeTmp

Run Build Command(s):/usr/bin/gmake -f Makefile cmTC_535a0/fast && /usr/bin/gmake  -f CMakeFiles/cmTC_535a0.dir/build.make CMakeFiles/cmTC_535a0.dir/build
gmake[1]: Entering directory '/mnt/d/code_project/geekrun/external_fork/Kotoamatsukami/build/CMakeFiles/CMakeTmp'
/usr/bin/cmake: /usr/local/lib/libcurl.so.4: no version information available (required by /usr/bin/cmake)
Building C object CMakeFiles/cmTC_535a0.dir/src.c.o
/usr/bin/cc -DTerminfo_LINKABLE  -g  -o CMakeFiles/cmTC_535a0.dir/src.c.o -c /mnt/d/code_project/geekrun/external_fork/Kotoamatsukami/build/CMakeFiles/CMakeTmp/src.c
/usr/bin/cmake: /usr/local/lib/libcurl.so.4: no version information available (required by /usr/bin/cmake)
Linking C executable cmTC_535a0
/usr/bin/cmake -E cmake_link_script CMakeFiles/cmTC_535a0.dir/link.txt --verbose=1
/usr/bin/cmake: /usr/local/lib/libcurl.so.4: no version information available (required by /usr/bin/cmake)
/usr/bin/cc  -g  CMakeFiles/cmTC_535a0.dir/src.c.o -o cmTC_535a0  /usr/lib/x86_64-linux-gnu/libtinfo.so 
gmake[1]: Leaving directory '/mnt/d/code_project/geekrun/external_fork/Kotoamatsukami/build/CMakeFiles/CMakeTmp'


Source file was:

    int setupterm(char *term, int filedes, int *errret);
    int main(void) { return setupterm(0, 0, 0); }
Performing C SOURCE FILE Test C_SUPPORTS_FPIC succeeded with the following output:
Change Dir: /mnt/d/code_project/geekrun/external_fork/Kotoamatsukami/build/CMakeFiles/CMakeTmp

Run Build Command(s):/usr/bin/gmake -f Makefile cmTC_b49d9/fast && /usr/bin/gmake  -f CMakeFiles/cmTC_b49d9.dir/build.make CMakeFiles/cmTC_b49d9.dir/build
gmake[1]: Entering directory '/mnt/d/code_project/geekrun/external_fork/Kotoamatsukami/build/CMakeFiles/CMakeTmp'
/usr/bin/cmake: /usr/local/lib/libcurl.so.4: no version information available (required by /usr/bin/cmake)
Building C object CMakeFiles/cmTC_b49d9.dir/src.c.o
/usr/bin/cc -DC_SUPPORTS_FPIC  -g    -Werror -fPIC -o CMakeFiles/cmTC_b49d9.dir/src.c.o -c /mnt/d/code_project/geekrun/external_fork/Kotoamatsukami/build/CMakeFiles/CMakeTmp/src.c
/usr/bin/cmake: /usr/local/lib/libcurl.so.4: no version information available (required by /usr/bin/cmake)
Linking C executable cmTC_b49d9
/usr/bin/cmake -E cmake_link_script CMakeFiles/cmTC_b49d9.dir/link.txt --verbose=1
/usr/bin/cmake: /usr/local/lib/libcurl.so.4: no version information available (required by /usr/bin/cmake)
/usr/bin/cc  -g  CMakeFiles/cmTC_b49d9.dir/src.c.o -o cmTC_b49d9 
gmake[1]: Leaving directory '/mnt/d/code_project/geekrun/external_fork/Kotoamatsukami/build/CMakeFiles/CMakeTmp'


Source file was:
int main(void) { return 0; }
Performing C++ SOURCE FILE Test CXX_SUPPORTS_FPIC succeeded with the following output:
Change Dir: /mnt/d/code_project/geekrun/external_fork/Kotoamatsukami/build/CMakeFiles/CMakeTmp

Run Build Command(s):/usr/bin/gmake -f Makefile cmTC_95f57/fast && /usr/bin/gmake  -f CMakeFiles/cmTC_95f57.dir/build.make CMakeFiles/cmTC_95f57.dir/build
gmake[1]: Entering directory '/mnt/d/code_project/geekrun/external_fork/Kotoamatsukami/build/CMakeFiles/CMakeTmp'
/usr/bin/cmake: /usr/local/lib/libcurl.so.4: no version information available (required by /usr/bin/cmake)
Building CXX object CMakeFiles/cmTC_95f57.dir/src.cxx.o
/usr/bin/c++ -DCXX_SUPPORTS_FPIC  -g    -Werror -fPIC -std=gnu++17 -o CMakeFiles/cmTC_95f57.dir/src.cxx.o -c /mnt/d/code_project/geekrun/external_fork/Kotoamatsukami/build/CMakeFiles/CMakeTmp/src.cxx
/usr/bin/cmake: /usr/local/lib/libcurl.so.4: no version information available (required by /usr/bin/cmake)
Linking CXX executable cmTC_95f57
/usr/bin/cmake -E cmake_link_script CMakeFiles/cmTC_95f57.dir/link.txt --verbose=1
/usr/bin/cmake: /usr/local/lib/libcurl.so.4: no version information available (required by /usr/bin/cmake)
/usr/bin/c++  -g  CMakeFiles/cmTC_95f57.dir/src.cxx.o -o cmTC_95f57 
gmake[1]: Leaving directory '/mnt/d/code_project/geekrun/external_fork/Kotoamatsukami/build/CMakeFiles/CMakeTmp'


Source file was:
int main() { return 0; }
Performing C SOURCE FILE Test C_SUPPORTS_FNO_SEMANTIC_INTERPOSITION succeeded with the following output:
Change Dir: /mnt/d/code_project/geekrun/external_fork/Kotoamatsukami/build/CMakeFiles/CMakeTmp

Run Build Command(s):/usr/bin/gmake -f Makefile cmTC_29e1d/fast && /usr/bin/gmake  -f CMakeFiles/cmTC_29e1d.dir/build.make CMakeFiles/cmTC_29e1d.dir/build
gmake[1]: Entering directory '/mnt/d/code_project/geekrun/external_fork/Kotoamatsukami/build/CMakeFiles/CMakeTmp'
/usr/bin/cmake: /usr/local/lib/libcurl.so.4: no version information available (required by /usr/bin/cmake)
Building C object CMakeFiles/cmTC_29e1d.dir/src.c.o
/usr/bin/cc -DC_SUPPORTS_FNO_SEMANTIC_INTERPOSITION  -g -fPIC    -Werror -fno-semantic-interposition -o CMakeFiles/cmTC_29e1d.dir/src.c.o -c /mnt/d/code_project/geekrun/external_fork/Kotoamatsukami/build/CMakeFiles/CMakeTmp/src.c
/usr/bin/cmake: /usr/local/lib/libcurl.so.4: no version information available (required by /usr/bin/cmake)
Linking C executable cmTC_29e1d
/usr/bin/cmake -E cmake_link_script CMakeFiles/cmTC_29e1d.dir/link.txt --verbose=1
/usr/bin/cmake: /usr/local/lib/libcurl.so.4: no version information available (required by /usr/bin/cmake)
/usr/bin/cc  -g -fPIC  CMakeFiles/cmTC_29e1d.dir/src.c.o -o cmTC_29e1d 
gmake[1]: Leaving directory '/mnt/d/code_project/geekrun/external_fork/Kotoamatsukami/build/CMakeFiles/CMakeTmp'


Source file was:
int main(void) { return 0; }
Performing C++ SOURCE FILE Test CXX_SUPPORTS_FNO_SEMANTIC_INTERPOSITION succeeded with the following output:
Change Dir: /mnt/d/code_project/geekrun/external_fork/Kotoamatsukami/build/CMakeFiles/CMakeTmp

Run Build Command(s):/usr/bin/gmake -f Makefile cmTC_111b7/fast && /usr/bin/gmake  -f CMakeFiles/cmTC_111b7.dir/build.make CMakeFiles/cmTC_111b7.dir/build
gmake[1]: Entering directory '/mnt/d/code_project/geekrun/external_fork/Kotoamatsukami/build/CMakeFiles/CMakeTmp'
/usr/bin/cmake: /usr/local/lib/libcurl.so.4: no version information available (required by /usr/bin/cmake)
Building CXX object CMakeFiles/cmTC_111b7.dir/src.cxx.o
/usr/bin/c++ -DCXX_SUPPORTS_FNO_SEMANTIC_INTERPOSITION  -g -fPIC    -Werror -fno-semantic-interposition -std=gnu++17 -o CMakeFiles/cmTC_111b7.dir/src.cxx.o -c /mnt/d/code_project/geekrun/external_fork/Kotoamatsukami/build/CMakeFiles/CMakeTmp/src.cxx
/usr/bin/cmake: /usr/local/lib/libcurl.so.4: no version information available (required by /usr/bin/cmake)
Linking CXX executable cmTC_111b7
/usr/bin/cmake -E cmake_link_script CMakeFiles/cmTC_111b7.dir/link.txt --verbose=1
/usr/bin/cmake: /usr/local/lib/libcurl.so.4: no version information available (required by /usr/bin/cmake)
/usr/bin/c++  -g -fPIC  CMakeFiles/cmTC_111b7.dir/src.cxx.o -o cmTC_111b7 
gmake[1]: Leaving directory '/mnt/d/code_project/geekrun/external_fork/Kotoamatsukami/build/CMakeFiles/CMakeTmp'


Source file was:
int main() { return 0; }
Performing C++ SOURCE FILE Test SUPPORTS_FVISIBILITY_INLINES_HIDDEN_FLAG succeeded with the following output:
Change Dir: /mnt/d/code_project/geekrun/external_fork/Kotoamatsukami/build/CMakeFiles/CMakeTmp

Run Build Command(s):/usr/bin/gmake -f Makefile cmTC_5a829/fast && /usr/bin/gmake  -f CMakeFiles/cmTC_5a829.dir/build.make CMakeFiles/cmTC_5a829.dir/build
gmake[1]: Entering directory '/mnt/d/code_project/geekrun/external_fork/Kotoamatsukami/build/CMakeFiles/CMakeTmp'
/usr/bin/cmake: /usr/local/lib/libcurl.so.4: no version information available (required by /usr/bin/cmake)
Building CXX object CMakeFiles/cmTC_5a829.dir/src.cxx.o
/usr/bin/c++ -DSUPPORTS_FVISIBILITY_INLINES_HIDDEN_FLAG  -g -fPIC -fno-semantic-interposition    -fvisibility-inlines-hidden -std=gnu++17 -o CMakeFiles/cmTC_5a829.dir/src.cxx.o -c /mnt/d/code_project/geekrun/external_fork/Kotoamatsukami/build/CMakeFiles/CMakeTmp/src.cxx
/usr/bin/cmake: /usr/local/lib/libcurl.so.4: no version information available (required by /usr/bin/cmake)
Linking CXX executable cmTC_5a829
/usr/bin/cmake -E cmake_link_script CMakeFiles/cmTC_5a829.dir/link.txt --verbose=1
/usr/bin/cmake: /usr/local/lib/libcurl.so.4: no version information available (required by /usr/bin/cmake)
/usr/bin/c++  -g -fPIC -fno-semantic-interposition  CMakeFiles/cmTC_5a829.dir/src.cxx.o -o cmTC_5a829 
gmake[1]: Leaving directory '/mnt/d/code_project/geekrun/external_fork/Kotoamatsukami/build/CMakeFiles/CMakeTmp'


Source file was:
int main() { return 0; }
Performing C SOURCE FILE Test C_SUPPORTS_WERROR_DATE_TIME succeeded with the following output:
Change Dir: /mnt/d/code_project/geekrun/external_fork/Kotoamatsukami/build/CMakeFiles/CMakeTmp

Run Build Command(s):/usr/bin/gmake -f Makefile cmTC_cf122/fast && /usr/bin/gmake  -f CMakeFiles/cmTC_cf122.dir/build.make CMakeFiles/cmTC_cf122.dir/build
gmake[1]: Entering directory '/mnt/d/code_project/geekrun/external_fork/Kotoamatsukami/build/CMakeFiles/CMakeTmp'
/usr/bin/cmake: /usr/local/lib/libcurl.so.4: no version information available (required by /usr/bin/cmake)
Building C object CMakeFiles/cmTC_cf122.dir/src.c.o
/usr/bin/cc -DC_SUPPORTS_WERROR_DATE_TIME  -g -fPIC -fno-semantic-interposition    -Werror -Werror=date-time -o CMakeFiles/cmTC_cf122.dir/src.c.o -c /mnt/d/code_project/geekrun/external_fork/Kotoamatsukami/build/CMakeFiles/CMakeTmp/src.c
/usr/bin/cmake: /usr/local/lib/libcurl.so.4: no version information available (required by /usr/bin/cmake)
Linking C executable cmTC_cf122
/usr/bin/cmake -E cmake_link_script CMakeFiles/cmTC_cf122.dir/link.txt --verbose=1
/usr/bin/cmake: /usr/local/lib/libcurl.so.4: no version information available (required by /usr/bin/cmake)
/usr/bin/cc  -g -fPIC -fno-semantic-interposition  CMakeFiles/cmTC_cf122.dir/src.c.o -o cmTC_cf122 
gmake[1]: Leaving directory '/mnt/d/code_project/geekrun/external_fork/Kotoamatsukami/build/CMakeFiles/CMakeTmp'


Source file was:
int main(void) { return 0; }
Performing C++ SOURCE FILE Test CXX_SUPPORTS_WERROR_DATE_TIME succeeded with the following output:
Change Dir: /mnt/d/code_project/geekrun/external_fork/Kotoamatsukami/build/CMakeFiles/CMakeTmp

Run Build Command(s):/usr/bin/gmake -f Makefile cmTC_6c1ff/fast && /usr/bin/gmake  -f CMakeFiles/cmTC_6c1ff.dir/build.make CMakeFiles/cmTC_6c1ff.dir/build
gmake[1]: Entering directory '/mnt/d/code_project/geekrun/external_fork/Kotoamatsukami/build/CMakeFiles/CMakeTmp'
/usr/bin/cmake: /usr/local/lib/libcurl.so.4: no version information available (required by /usr/bin/cmake)
Building CXX object CMakeFiles/cmTC_6c1ff.dir/src.cxx.o
/usr/bin/c++ -DCXX_SUPPORTS_WERROR_DATE_TIME  -g -fPIC -fno-semantic-interposition -fvisibility-inlines-hidden    -Werror -Werror=date-time -std=gnu++17 -o CMakeFiles/cmTC_6c1ff.dir/src.cxx.o -c /mnt/d/code_project/geekrun/external_fork/Kotoamatsukami/build/CMakeFiles/CMakeTmp/src.cxx
/usr/bin/cmake: /usr/local/lib/libcurl.so.4: no version information available (required by /usr/bin/cmake)
Linking CXX executable cmTC_6c1ff
/usr/bin/cmake -E cmake_link_script CMakeFiles/cmTC_6c1ff.dir/link.txt --verbose=1
/usr/bin/cmake: /usr/local/lib/libcurl.so.4: no version information available (required by /usr/bin/cmake)
/usr/bin/c++  -g -fPIC -fno-semantic-interposition -fvisibility-inlines-hidden  CMakeFiles/cmTC_6c1ff.dir/src.cxx.o -o cmTC_6c1ff 
gmake[1]: Leaving directory '/mnt/d/code_project/geekrun/external_fork/Kotoamatsukami/build/CMakeFiles/CMakeTmp'


Source file was:
int main() { return 0; }
Performing C SOURCE FILE Test C_SUPPORTS_CMAKE_CXX_FLAGS succeeded with the following output:
Change Dir: /mnt/d/code_project/geekrun/external_fork/Kotoamatsukami/build/CMakeFiles/CMakeTmp

Run Build Command(s):/usr/bin/gmake -f Makefile cmTC_00732/fast && /usr/bin/gmake  -f CMakeFiles/cmTC_00732.dir/build.make CMakeFiles/cmTC_00732.dir/build
gmake[1]: Entering directory '/mnt/d/code_project/geekrun/external_fork/Kotoamatsukami/build/CMakeFiles/CMakeTmp'
/usr/bin/cmake: /usr/local/lib/libcurl.so.4: no version information available (required by /usr/bin/cmake)
Building C object CMakeFiles/cmTC_00732.dir/src.c.o
/usr/bin/cc -DC_SUPPORTS_CMAKE_CXX_FLAGS  -g -fPIC -fno-semantic-interposition -Werror=date-time    -Werror -fno-lifetime-dse -o CMakeFiles/cmTC_00732.dir/src.c.o -c /mnt/d/code_project/geekrun/external_fork/Kotoamatsukami/build/CMakeFiles/CMakeTmp/src.c
/usr/bin/cmake: /usr/local/lib/libcurl.so.4: no version information available (required by /usr/bin/cmake)
Linking C executable cmTC_00732
/usr/bin/cmake -E cmake_link_script CMakeFiles/cmTC_00732.dir/link.txt --verbose=1
/usr/bin/cmake: /usr/local/lib/libcurl.so.4: no version information available (required by /usr/bin/cmake)
/usr/bin/cc  -g -fPIC -fno-semantic-interposition -Werror=date-time  CMakeFiles/cmTC_00732.dir/src.c.o -o cmTC_00732 
gmake[1]: Leaving directory '/mnt/d/code_project/geekrun/external_fork/Kotoamatsukami/build/CMakeFiles/CMakeTmp'


Source file was:
int main(void) { return 0; }
Performing C++ SOURCE FILE Test CXX_SUPPORTS_CMAKE_CXX_FLAGS succeeded with the following output:
Change Dir: /mnt/d/code_project/geekrun/external_fork/Kotoamatsukami/build/CMakeFiles/CMakeTmp

Run Build Command(s):/usr/bin/gmake -f Makefile cmTC_6f500/fast && /usr/bin/gmake  -f CMakeFiles/cmTC_6f500.dir/build.make CMakeFiles/cmTC_6f500.dir/build
gmake[1]: Entering directory '/mnt/d/code_project/geekrun/external_fork/Kotoamatsukami/build/CMakeFiles/CMakeTmp'
/usr/bin/cmake: /usr/local/lib/libcurl.so.4: no version information available (required by /usr/bin/cmake)
Building CXX object CMakeFiles/cmTC_6f500.dir/src.cxx.o
/usr/bin/c++ -DCXX_SUPPORTS_CMAKE_CXX_FLAGS  -g -fPIC -fno-semantic-interposition -fvisibility-inlines-hidden -Werror=date-time    -Werror -fno-lifetime-dse -std=gnu++17 -o CMakeFiles/cmTC_6f500.dir/src.cxx.o -c /mnt/d/code_project/geekrun/external_fork/Kotoamatsukami/build/CMakeFiles/CMakeTmp/src.cxx
/usr/bin/cmake: /usr/local/lib/libcurl.so.4: no version information available (required by /usr/bin/cmake)
Linking CXX executable cmTC_6f500
/usr/bin/cmake -E cmake_link_script CMakeFiles/cmTC_6f500.dir/link.txt --verbose=1
/usr/bin/cmake: /usr/local/lib/libcurl.so.4: no version information available (required by /usr/bin/cmake)
/usr/bin/c++  -g -fPIC -fno-semantic-interposition -fvisibility-inlines-hidden -Werror=date-time  CMakeFiles/cmTC_6f500.dir/src.cxx.o -o cmTC_6f500 
gmake[1]: Leaving directory '/mnt/d/code_project/geekrun/external_fork/Kotoamatsukami/build/CMakeFiles/CMakeTmp'


Source file was:
int main() { return 0; }
Performing C++ SOURCE FILE Test CXX_SUPPORTS_MISSING_FIELD_INITIALIZERS_FLAG succeeded with the following output:
Change Dir: /mnt/d/code_project/geekrun/external_fork/Kotoamatsukami/build/CMakeFiles/CMakeTmp

Run Build Command(s):/usr/bin/gmake -f Makefile cmTC_40b77/fast && /usr/bin/gmake  -f CMakeFiles/cmTC_40b77.dir/build.make CMakeFiles/cmTC_40b77.dir/build
gmake[1]: Entering directory '/mnt/d/code_project/geekrun/external_fork/Kotoamatsukami/build/CMakeFiles/CMakeTmp'
/usr/bin/cmake: /usr/local/lib/libcurl.so.4: no version information available (required by /usr/bin/cmake)
Building CXX object CMakeFiles/cmTC_40b77.dir/src.cxx.o
/usr/bin/c++ -DCXX_SUPPORTS_MISSING_FIELD_INITIALIZERS_FLAG  -g -fPIC -fno-semantic-interposition -fvisibility-inlines-hidden -Werror=date-time -fno-lifetime-dse -Wall -Wextra -Wno-unused-parameter -Wwrite-strings -Wcast-qual    -Wmissing-field-initializers -std=gnu++17 -o CMakeFiles/cmTC_40b77.dir/src.cxx.o -c /mnt/d/code_project/geekrun/external_fork/Kotoamatsukami/build/CMakeFiles/CMakeTmp/src.cxx
/usr/bin/cmake: /usr/local/lib/libcurl.so.4: no version information available (required by /usr/bin/cmake)
Linking CXX executable cmTC_40b77
/usr/bin/cmake -E cmake_link_script CMakeFiles/cmTC_40b77.dir/link.txt --verbose=1
/usr/bin/cmake: /usr/local/lib/libcurl.so.4: no version information available (required by /usr/bin/cmake)
/usr/bin/c++  -g -fPIC -fno-semantic-interposition -fvisibility-inlines-hidden -Werror=date-time -fno-lifetime-dse -Wall -Wextra -Wno-unused-parameter -Wwrite-strings -Wcast-qual  CMakeFiles/cmTC_40b77.dir/src.cxx.o -o cmTC_40b77 
gmake[1]: Leaving directory '/mnt/d/code_project/geekrun/external_fork/Kotoamatsukami/build/CMakeFiles/CMakeTmp'


Source file was:
int main() { return 0; }
Performing C SOURCE FILE Test C_SUPPORTS_IMPLICIT_FALLTHROUGH_FLAG succeeded with the following output:
Change Dir: /mnt/d/code_project/geekrun/external_fork/Kotoamatsukami/build/CMakeFiles/CMakeTmp

Run Build Command(s):/usr/bin/gmake -f Makefile cmTC_e44c1/fast && /usr/bin/gmake  -f CMakeFiles/cmTC_e44c1.dir/build.make CMakeFiles/cmTC_e44c1.dir/build
gmake[1]: Entering directory '/mnt/d/code_project/geekrun/external_fork/Kotoamatsukami/build/CMakeFiles/CMakeTmp'
/usr/bin/cmake: /usr/local/lib/libcurl.so.4: no version information available (required by /usr/bin/cmake)
Building C object CMakeFiles/cmTC_e44c1.dir/src.c.o
/usr/bin/cc -DC_SUPPORTS_IMPLICIT_FALLTHROUGH_FLAG  -g -fPIC -fno-semantic-interposition -Werror=date-time -fno-lifetime-dse -Wall -Wextra -Wno-unused-parameter -Wwrite-strings -Wcast-qual -Wno-missing-field-initializers    -Werror -Wimplicit-fallthrough -o CMakeFiles/cmTC_e44c1.dir/src.c.o -c /mnt/d/code_project/geekrun/external_fork/Kotoamatsukami/build/CMakeFiles/CMakeTmp/src.c
/usr/bin/cmake: /usr/local/lib/libcurl.so.4: no version information available (required by /usr/bin/cmake)
Linking C executable cmTC_e44c1
/usr/bin/cmake -E cmake_link_script CMakeFiles/cmTC_e44c1.dir/link.txt --verbose=1
/usr/bin/cmake: /usr/local/lib/libcurl.so.4: no version information available (required by /usr/bin/cmake)
/usr/bin/cc  -g -fPIC -fno-semantic-interposition -Werror=date-time -fno-lifetime-dse -Wall -Wextra -Wno-unused-parameter -Wwrite-strings -Wcast-qual -Wno-missing-field-initializers  CMakeFiles/cmTC_e44c1.dir/src.c.o -o cmTC_e44c1 
gmake[1]: Leaving directory '/mnt/d/code_project/geekrun/external_fork/Kotoamatsukami/build/CMakeFiles/CMakeTmp'


Source file was:
int main(void) { return 0; }
Performing C++ SOURCE FILE Test CXX_SUPPORTS_IMPLICIT_FALLTHROUGH_FLAG succeeded with the following output:
Change Dir: /mnt/d/code_project/geekrun/external_fork/Kotoamatsukami/build/CMakeFiles/CMakeTmp

Run Build Command(s):/usr/bin/gmake -f Makefile cmTC_3afa4/fast && /usr/bin/gmake  -f CMakeFiles/cmTC_3afa4.dir/build.make CMakeFiles/cmTC_3afa4.dir/build
gmake[1]: Entering directory '/mnt/d/code_project/geekrun/external_fork/Kotoamatsukami/build/CMakeFiles/CMakeTmp'
/usr/bin/cmake: /usr/local/lib/libcurl.so.4: no version information available (required by /usr/bin/cmake)
Building CXX object CMakeFiles/cmTC_3afa4.dir/src.cxx.o
/usr/bin/c++ -DCXX_SUPPORTS_IMPLICIT_FALLTHROUGH_FLAG  -g -fPIC -fno-semantic-interposition -fvisibility-inlines-hidden -Werror=date-time -fno-lifetime-dse -Wall -Wextra -Wno-unused-parameter -Wwrite-strings -Wcast-qual -Wno-missing-field-initializers    -Werror -Wimplicit-fallthrough -std=gnu++17 -o CMakeFiles/cmTC_3afa4.dir/src.cxx.o -c /mnt/d/code_project/geekrun/external_fork/Kotoamatsukami/build/CMakeFiles/CMakeTmp/src.cxx
/usr/bin/cmake: /usr/local/lib/libcurl.so.4: no version information available (required by /usr/bin/cmake)
Linking CXX executable cmTC_3afa4
/usr/bin/cmake -E cmake_link_script CMakeFiles/cmTC_3afa4.dir/link.txt --verbose=1
/usr/bin/cmake: /usr/local/lib/libcurl.so.4: no version information available (required by /usr/bin/cmake)
/usr/bin/c++  -g -fPIC -fno-semantic-interposition -fvisibility-inlines-hidden -Werror=date-time -fno-lifetime-dse -Wall -Wextra -Wno-unused-parameter -Wwrite-strings -Wcast-qual -Wno-missing-field-initializers  CMakeFiles/cmTC_3afa4.dir/src.cxx.o -o cmTC_3afa4 
gmake[1]: Leaving directory '/mnt/d/code_project/geekrun/external_fork/Kotoamatsukami/build/CMakeFiles/CMakeTmp'


Source file was:
int main() { return 0; }
Performing C++ SOURCE FILE Test CXX_SUPPORTS_CLASS_MEMACCESS_FLAG succeeded with the following output:
Change Dir: /mnt/d/code_project/geekrun/external_fork/Kotoamatsukami/build/CMakeFiles/CMakeTmp

Run Build Command(s):/usr/bin/gmake -f Makefile cmTC_ddfee/fast && /usr/bin/gmake  -f CMakeFiles/cmTC_ddfee.dir/build.make CMakeFiles/cmTC_ddfee.dir/build
gmake[1]: Entering directory '/mnt/d/code_project/geekrun/external_fork/Kotoamatsukami/build/CMakeFiles/CMakeTmp'
/usr/bin/cmake: /usr/local/lib/libcurl.so.4: no version information available (required by /usr/bin/cmake)
Building CXX object CMakeFiles/cmTC_ddfee.dir/src.cxx.o
/usr/bin/c++ -DCXX_SUPPORTS_CLASS_MEMACCESS_FLAG  -g -fPIC -fno-semantic-interposition -fvisibility-inlines-hidden -Werror=date-time -fno-lifetime-dse -Wall -Wextra -Wno-unused-parameter -Wwrite-strings -Wcast-qual -Wno-missing-field-initializers -Wimplicit-fallthrough -Wno-nonnull    -Wclass-memaccess -std=gnu++17 -o CMakeFiles/cmTC_ddfee.dir/src.cxx.o -c /mnt/d/code_project/geekrun/external_fork/Kotoamatsukami/build/CMakeFiles/CMakeTmp/src.cxx
/usr/bin/cmake: /usr/local/lib/libcurl.so.4: no version information available (required by /usr/bin/cmake)
Linking CXX executable cmTC_ddfee
/usr/bin/cmake -E cmake_link_script CMakeFiles/cmTC_ddfee.dir/link.txt --verbose=1
/usr/bin/cmake: /usr/local/lib/libcurl.so.4: no version information available (required by /usr/bin/cmake)
/usr/bin/c++  -g -fPIC -fno-semantic-interposition -fvisibility-inlines-hidden -Werror=date-time -fno-lifetime-dse -Wall -Wextra -Wno-unused-parameter -Wwrite-strings -Wcast-qual -Wno-missing-field-initializers -Wimplicit-fallthrough -Wno-nonnull  CMakeFiles/cmTC_ddfee.dir/src.cxx.o -o cmTC_ddfee 
gmake[1]: Leaving directory '/mnt/d/code_project/geekrun/external_fork/Kotoamatsukami/build/CMakeFiles/CMakeTmp'


Source file was:
int main() { return 0; }
Performing C++ SOURCE FILE Test CXX_SUPPORTS_REDUNDANT_MOVE_FLAG succeeded with the following output:
Change Dir: /mnt/d/code_project/geekrun/external_fork/Kotoamatsukami/build/CMakeFiles/CMakeTmp

Run Build Command(s):/usr/bin/gmake -f Makefile cmTC_608a1/fast && /usr/bin/gmake  -f CMakeFiles/cmTC_608a1.dir/build.make CMakeFiles/cmTC_608a1.dir/build
gmake[1]: Entering directory '/mnt/d/code_project/geekrun/external_fork/Kotoamatsukami/build/CMakeFiles/CMakeTmp'
/usr/bin/cmake: /usr/local/lib/libcurl.so.4: no version information available (required by /usr/bin/cmake)
Building CXX object CMakeFiles/cmTC_608a1.dir/src.cxx.o
/usr/bin/c++ -DCXX_SUPPORTS_REDUNDANT_MOVE_FLAG  -g -fPIC -fno-semantic-interposition -fvisibility-inlines-hidden -Werror=date-time -fno-lifetime-dse -Wall -Wextra -Wno-unused-parameter -Wwrite-strings -Wcast-qual -Wno-missing-field-initializers -Wimplicit-fallthrough -Wno-nonnull -Wno-class-memaccess    -Wredundant-move -std=gnu++17 -o CMakeFiles/cmTC_608a1.dir/src.cxx.o -c /mnt/d/code_project/geekrun/external_fork/Kotoamatsukami/build/CMakeFiles/CMakeTmp/src.cxx
/usr/bin/cmake: /usr/local/lib/libcurl.so.4: no version information available (required by /usr/bin/cmake)
Linking CXX executable cmTC_608a1
/usr/bin/cmake -E cmake_link_script CMakeFiles/cmTC_608a1.dir/link.txt --verbose=1
/usr/bin/cmake: /usr/local/lib/libcurl.so.4: no version information available (required by /usr/bin/cmake)
/usr/bin/c++  -g -fPIC -fno-semantic-interposition -fvisibility-inlines-hidden -Werror=date-time -fno-lifetime-dse -Wall -Wextra -Wno-unused-parameter -Wwrite-strings -Wcast-qual -Wno-missing-field-initializers -Wimplicit-fallthrough -Wno-nonnull -Wno-class-memaccess  CMakeFiles/cmTC_608a1.dir/src.cxx.o -o cmTC_608a1 
gmake[1]: Leaving directory '/mnt/d/code_project/geekrun/external_fork/Kotoamatsukami/build/CMakeFiles/CMakeTmp'


Source file was:
int main() { return 0; }
Performing C++ SOURCE FILE Test CXX_SUPPORTS_PESSIMIZING_MOVE_FLAG succeeded with the following output:
Change Dir: /mnt/d/code_project/geekrun/external_fork/Kotoamatsukami/build/CMakeFiles/CMakeTmp

Run Build Command(s):/usr/bin/gmake -f Makefile cmTC_450df/fast && /usr/bin/gmake  -f CMakeFiles/cmTC_450df.dir/build.make CMakeFiles/cmTC_450df.dir/build
gmake[1]: Entering directory '/mnt/d/code_project/geekrun/external_fork/Kotoamatsukami/build/CMakeFiles/CMakeTmp'
/usr/bin/cmake: /usr/local/lib/libcurl.so.4: no version information available (required by /usr/bin/cmake)
Building CXX object CMakeFiles/cmTC_450df.dir/src.cxx.o
/usr/bin/c++ -DCXX_SUPPORTS_PESSIMIZING_MOVE_FLAG  -g -fPIC -fno-semantic-interposition -fvisibility-inlines-hidden -Werror=date-time -fno-lifetime-dse -Wall -Wextra -Wno-unused-parameter -Wwrite-strings -Wcast-qual -Wno-missing-field-initializers -Wimplicit-fallthrough -Wno-nonnull -Wno-class-memaccess -Wno-redundant-move    -Wpessimizing-move -std=gnu++17 -o CMakeFiles/cmTC_450df.dir/src.cxx.o -c /mnt/d/code_project/geekrun/external_fork/Kotoamatsukami/build/CMakeFiles/CMakeTmp/src.cxx
/usr/bin/cmake: /usr/local/lib/libcurl.so.4: no version information available (required by /usr/bin/cmake)
Linking CXX executable cmTC_450df
/usr/bin/cmake -E cmake_link_script CMakeFiles/cmTC_450df.dir/link.txt --verbose=1
/usr/bin/cmake: /usr/local/lib/libcurl.so.4: no version information available (required by /usr/bin/cmake)
/usr/bin/c++  -g -fPIC -fno-semantic-interposition -fvisibility-inlines-hidden -Werror=date-time -fno-lifetime-dse -Wall -Wextra -Wno-unused-parameter -Wwrite-strings -Wcast-qual -Wno-missing-field-initializers -Wimplicit-fallthrough -Wno-nonnull -Wno-class-memaccess -Wno-redundant-move  CMakeFiles/cmTC_450df.dir/src.cxx.o -o cmTC_450df 
gmake[1]: Leaving directory '/mnt/d/code_project/geekrun/external_fork/Kotoamatsukami/build/CMakeFiles/CMakeTmp'


Source file was:
int main() { return 0; }
Performing C++ SOURCE FILE Test CXX_SUPPORTS_NOEXCEPT_TYPE_FLAG succeeded with the following output:
Change Dir: /mnt/d/code_project/geekrun/external_fork/Kotoamatsukami/build/CMakeFiles/CMakeTmp

Run Build Command(s):/usr/bin/gmake -f Makefile cmTC_faba2/fast && /usr/bin/gmake  -f CMakeFiles/cmTC_faba2.dir/build.make CMakeFiles/cmTC_faba2.dir/build
gmake[1]: Entering directory '/mnt/d/code_project/geekrun/external_fork/Kotoamatsukami/build/CMakeFiles/CMakeTmp'
/usr/bin/cmake: /usr/local/lib/libcurl.so.4: no version information available (required by /usr/bin/cmake)
Building CXX object CMakeFiles/cmTC_faba2.dir/src.cxx.o
/usr/bin/c++ -DCXX_SUPPORTS_NOEXCEPT_TYPE_FLAG  -g -fPIC -fno-semantic-interposition -fvisibility-inlines-hidden -Werror=date-time -fno-lifetime-dse -Wall -Wextra -Wno-unused-parameter -Wwrite-strings -Wcast-qual -Wno-missing-field-initializers -Wimplicit-fallthrough -Wno-nonnull -Wno-class-memaccess -Wno-redundant-move -Wno-pessimizing-move    -Wnoexcept-type -std=gnu++17 -o CMakeFiles/cmTC_faba2.dir/src.cxx.o -c /mnt/d/code_project/geekrun/external_fork/Kotoamatsukami/build/CMakeFiles/CMakeTmp/src.cxx
/usr/bin/cmake: /usr/local/lib/libcurl.so.4: no version information available (required by /usr/bin/cmake)
Linking CXX executable cmTC_faba2
/usr/bin/cmake -E cmake_link_script CMakeFiles/cmTC_faba2.dir/link.txt --verbose=1
/usr/bin/cmake: /usr/local/lib/libcurl.so.4: no version information available (required by /usr/bin/cmake)
/usr/bin/c++  -g -fPIC -fno-semantic-interposition -fvisibility-inlines-hidden -Werror=date-time -fno-lifetime-dse -Wall -Wextra -Wno-unused-parameter -Wwrite-strings -Wcast-qual -Wno-missing-field-initializers -Wimplicit-fallthrough -Wno-nonnull -Wno-class-memaccess -Wno-redundant-move -Wno-pessimizing-move  CMakeFiles/cmTC_faba2.dir/src.cxx.o -o cmTC_faba2 
gmake[1]: Leaving directory '/mnt/d/code_project/geekrun/external_fork/Kotoamatsukami/build/CMakeFiles/CMakeTmp'


Source file was:
int main() { return 0; }
Performing C++ SOURCE FILE Test CXX_SUPPORTS_SUGGEST_OVERRIDE_FLAG succeeded with the following output:
Change Dir: /mnt/d/code_project/geekrun/external_fork/Kotoamatsukami/build/CMakeFiles/CMakeTmp

Run Build Command(s):/usr/bin/gmake -f Makefile cmTC_c41ab/fast && /usr/bin/gmake  -f CMakeFiles/cmTC_c41ab.dir/build.make CMakeFiles/cmTC_c41ab.dir/build
gmake[1]: Entering directory '/mnt/d/code_project/geekrun/external_fork/Kotoamatsukami/build/CMakeFiles/CMakeTmp'
/usr/bin/cmake: /usr/local/lib/libcurl.so.4: no version information available (required by /usr/bin/cmake)
Building CXX object CMakeFiles/cmTC_c41ab.dir/src.cxx.o
/usr/bin/c++ -DCXX_SUPPORTS_SUGGEST_OVERRIDE_FLAG  -g -fPIC -fno-semantic-interposition -fvisibility-inlines-hidden -Werror=date-time -fno-lifetime-dse -Wall -Wextra -Wno-unused-parameter -Wwrite-strings -Wcast-qual -Wno-missing-field-initializers -Wimplicit-fallthrough -Wno-nonnull -Wno-class-memaccess -Wno-redundant-move -Wno-pessimizing-move -Wno-noexcept-type -Wdelete-non-virtual-dtor    -Wsuggest-override -std=gnu++17 -o CMakeFiles/cmTC_c41ab.dir/src.cxx.o -c /mnt/d/code_project/geekrun/external_fork/Kotoamatsukami/build/CMakeFiles/CMakeTmp/src.cxx
/usr/bin/cmake: /usr/local/lib/libcurl.so.4: no version information available (required by /usr/bin/cmake)
Linking CXX executable cmTC_c41ab
/usr/bin/cmake -E cmake_link_script CMakeFiles/cmTC_c41ab.dir/link.txt --verbose=1
/usr/bin/cmake: /usr/local/lib/libcurl.so.4: no version information available (required by /usr/bin/cmake)
/usr/bin/c++  -g -fPIC -fno-semantic-interposition -fvisibility-inlines-hidden -Werror=date-time -fno-lifetime-dse -Wall -Wextra -Wno-unused-parameter -Wwrite-strings -Wcast-qual -Wno-missing-field-initializers -Wimplicit-fallthrough -Wno-nonnull -Wno-class-memaccess -Wno-redundant-move -Wno-pessimizing-move -Wno-noexcept-type -Wdelete-non-virtual-dtor  CMakeFiles/cmTC_c41ab.dir/src.cxx.o -o cmTC_c41ab 
gmake[1]: Leaving directory '/mnt/d/code_project/geekrun/external_fork/Kotoamatsukami/build/CMakeFiles/CMakeTmp'


Source file was:
int main() { return 0; }
Performing C++ SOURCE FILE Test CXX_WSUGGEST_OVERRIDE_ALLOWS_ONLY_FINAL succeeded with the following output:
Change Dir: /mnt/d/code_project/geekrun/external_fork/Kotoamatsukami/build/CMakeFiles/CMakeTmp

Run Build Command(s):/usr/bin/gmake -f Makefile cmTC_51b71/fast && /usr/bin/gmake  -f CMakeFiles/cmTC_51b71.dir/build.make CMakeFiles/cmTC_51b71.dir/build
gmake[1]: Entering directory '/mnt/d/code_project/geekrun/external_fork/Kotoamatsukami/build/CMakeFiles/CMakeTmp'
/usr/bin/cmake: /usr/local/lib/libcurl.so.4: no version information available (required by /usr/bin/cmake)
Building CXX object CMakeFiles/cmTC_51b71.dir/src.cxx.o
/usr/bin/c++ -DCXX_WSUGGEST_OVERRIDE_ALLOWS_ONLY_FINAL  -g -fPIC -fno-semantic-interposition -fvisibility-inlines-hidden -Werror=date-time -fno-lifetime-dse -Wall -Wextra -Wno-unused-parameter -Wwrite-strings -Wcast-qual -Wno-missing-field-initializers -Wimplicit-fallthrough -Wno-nonnull -Wno-class-memaccess -Wno-redundant-move -Wno-pessimizing-move -Wno-noexcept-type -Wdelete-non-virtual-dtor  -Werror=suggest-override -std=gnu++17 -o CMakeFiles/cmTC_51b71.dir/src.cxx.o -c /mnt/d/code_project/geekrun/external_fork/Kotoamatsukami/build/CMakeFiles/CMakeTmp/src.cxx
/usr/bin/cmake: /usr/local/lib/libcurl.so.4: no version information available (required by /usr/bin/cmake)
Linking CXX executable cmTC_51b71
/usr/bin/cmake -E cmake_link_script CMakeFiles/cmTC_51b71.dir/link.txt --verbose=1
/usr/bin/cmake: /usr/local/lib/libcurl.so.4: no version information available (required by /usr/bin/cmake)
/usr/bin/c++  -g -fPIC -fno-semantic-interposition -fvisibility-inlines-hidden -Werror=date-time -fno-lifetime-dse -Wall -Wextra -Wno-unused-parameter -Wwrite-strings -Wcast-qual -Wno-missing-field-initializers -Wimplicit-fallthrough -Wno-nonnull -Wno-class-memaccess -Wno-redundant-move -Wno-pessimizing-move -Wno-noexcept-type -Wdelete-non-virtual-dtor  -Werror=suggest-override CMakeFiles/cmTC_51b71.dir/src.cxx.o -o cmTC_51b71 
gmake[1]: Leaving directory '/mnt/d/code_project/geekrun/external_fork/Kotoamatsukami/build/CMakeFiles/CMakeTmp'


Source file was:
class base {public: virtual void anchor();};
                               class derived : base {public: void anchor() final;};
                               int main() { return 0; }
Performing C++ SOURCE FILE Test CXX_SUPPORTS_MISLEADING_INDENTATION_FLAG succeeded with the following output:
Change Dir: /mnt/d/code_project/geekrun/external_fork/Kotoamatsukami/build/CMakeFiles/CMakeTmp

Run Build Command(s):/usr/bin/gmake -f Makefile cmTC_548e8/fast && /usr/bin/gmake  -f CMakeFiles/cmTC_548e8.dir/build.make CMakeFiles/cmTC_548e8.dir/build
gmake[1]: Entering directory '/mnt/d/code_project/geekrun/external_fork/Kotoamatsukami/build/CMakeFiles/CMakeTmp'
/usr/bin/cmake: /usr/local/lib/libcurl.so.4: no version information available (required by /usr/bin/cmake)
Building CXX object CMakeFiles/cmTC_548e8.dir/src.cxx.o
/usr/bin/c++ -DCXX_SUPPORTS_MISLEADING_INDENTATION_FLAG  -g -fPIC -fno-semantic-interposition -fvisibility-inlines-hidden -Werror=date-time -fno-lifetime-dse -Wall -Wextra -Wno-unused-parameter -Wwrite-strings -Wcast-qual -Wno-missing-field-initializers -Wimplicit-fallthrough -Wno-nonnull -Wno-class-memaccess -Wno-redundant-move -Wno-pessimizing-move -Wno-noexcept-type -Wdelete-non-virtual-dtor -Wsuggest-override -Wno-comment    -Wmisleading-indentation -std=gnu++17 -o CMakeFiles/cmTC_548e8.dir/src.cxx.o -c /mnt/d/code_project/geekrun/external_fork/Kotoamatsukami/build/CMakeFiles/CMakeTmp/src.cxx
/usr/bin/cmake: /usr/local/lib/libcurl.so.4: no version information available (required by /usr/bin/cmake)
Linking CXX executable cmTC_548e8
/usr/bin/cmake -E cmake_link_script CMakeFiles/cmTC_548e8.dir/link.txt --verbose=1
/usr/bin/cmake: /usr/local/lib/libcurl.so.4: no version information available (required by /usr/bin/cmake)
/usr/bin/c++  -g -fPIC -fno-semantic-interposition -fvisibility-inlines-hidden -Werror=date-time -fno-lifetime-dse -Wall -Wextra -Wno-unused-parameter -Wwrite-strings -Wcast-qual -Wno-missing-field-initializers -Wimplicit-fallthrough -Wno-nonnull -Wno-class-memaccess -Wno-redundant-move -Wno-pessimizing-move -Wno-noexcept-type -Wdelete-non-virtual-dtor -Wsuggest-override -Wno-comment  CMakeFiles/cmTC_548e8.dir/src.cxx.o -o cmTC_548e8 
gmake[1]: Leaving directory '/mnt/d/code_project/geekrun/external_fork/Kotoamatsukami/build/CMakeFiles/CMakeTmp'


Source file was:
int main() { return 0; }
Performing C++ SOURCE FILE Test CXX_SUPPORTS_CTAD_MAYBE_UNSPPORTED_FLAG succeeded with the following output:
Change Dir: /mnt/d/code_project/geekrun/external_fork/Kotoamatsukami/build/CMakeFiles/CMakeTmp

Run Build Command(s):/usr/bin/gmake -f Makefile cmTC_73ec9/fast && /usr/bin/gmake  -f CMakeFiles/cmTC_73ec9.dir/build.make CMakeFiles/cmTC_73ec9.dir/build
gmake[1]: Entering directory '/mnt/d/code_project/geekrun/external_fork/Kotoamatsukami/build/CMakeFiles/CMakeTmp'
/usr/bin/cmake: /usr/local/lib/libcurl.so.4: no version information available (required by /usr/bin/cmake)
Building CXX object CMakeFiles/cmTC_73ec9.dir/src.cxx.o
/usr/bin/c++ -DCXX_SUPPORTS_CTAD_MAYBE_UNSPPORTED_FLAG  -g -fPIC -fno-semantic-interposition -fvisibility-inlines-hidden -Werror=date-time -fno-lifetime-dse -Wall -Wextra -Wno-unused-parameter -Wwrite-strings -Wcast-qual -Wno-missing-field-initializers -Wimplicit-fallthrough -Wno-nonnull -Wno-class-memaccess -Wno-redundant-move -Wno-pessimizing-move -Wno-noexcept-type -Wdelete-non-virtual-dtor -Wsuggest-override -Wno-comment -Wno-misleading-indentation    -Werror -Wctad-maybe-unsupported -std=gnu++17 -o CMakeFiles/cmTC_73ec9.dir/src.cxx.o -c /mnt/d/code_project/geekrun/external_fork/Kotoamatsukami/build/CMakeFiles/CMakeTmp/src.cxx
/usr/bin/cmake: /usr/local/lib/libcurl.so.4: no version information available (required by /usr/bin/cmake)
Linking CXX executable cmTC_73ec9
/usr/bin/cmake -E cmake_link_script CMakeFiles/cmTC_73ec9.dir/link.txt --verbose=1
/usr/bin/cmake: /usr/local/lib/libcurl.so.4: no version information available (required by /usr/bin/cmake)
/usr/bin/c++  -g -fPIC -fno-semantic-interposition -fvisibility-inlines-hidden -Werror=date-time -fno-lifetime-dse -Wall -Wextra -Wno-unused-parameter -Wwrite-strings -Wcast-qual -Wno-missing-field-initializers -Wimplicit-fallthrough -Wno-nonnull -Wno-class-memaccess -Wno-redundant-move -Wno-pessimizing-move -Wno-noexcept-type -Wdelete-non-virtual-dtor -Wsuggest-override -Wno-comment -Wno-misleading-indentation  CMakeFiles/cmTC_73ec9.dir/src.cxx.o -o cmTC_73ec9 
gmake[1]: Leaving directory '/mnt/d/code_project/geekrun/external_fork/Kotoamatsukami/build/CMakeFiles/CMakeTmp'


Source file was:
int main() { return 0; }
Performing C SOURCE FILE Test C_SUPPORTS_FNO_FUNCTION_SECTIONS succeeded with the following output:
Change Dir: /mnt/d/code_project/geekrun/external_fork/Kotoamatsukami/build/CMakeFiles/CMakeTmp

Run Build Command(s):/usr/bin/gmake -f Makefile cmTC_02d74/fast && /usr/bin/gmake  -f CMakeFiles/cmTC_02d74.dir/build.make CMakeFiles/cmTC_02d74.dir/build
gmake[1]: Entering directory '/mnt/d/code_project/geekrun/external_fork/Kotoamatsukami/build/CMakeFiles/CMakeTmp'
/usr/bin/cmake: /usr/local/lib/libcurl.so.4: no version information available (required by /usr/bin/cmake)
Building C object CMakeFiles/cmTC_02d74.dir/src.c.o
/usr/bin/cc -DC_SUPPORTS_FNO_FUNCTION_SECTIONS  -g -fPIC -fno-semantic-interposition -Werror=date-time -fno-lifetime-dse -Wall -Wextra -Wno-unused-parameter -Wwrite-strings -Wcast-qual -Wno-missing-field-initializers -Wimplicit-fallthrough -Wno-comment    -Werror -fno-function-sections -o CMakeFiles/cmTC_02d74.dir/src.c.o -c /mnt/d/code_project/geekrun/external_fork/Kotoamatsukami/build/CMakeFiles/CMakeTmp/src.c
/usr/bin/cmake: /usr/local/lib/libcurl.so.4: no version information available (required by /usr/bin/cmake)
Linking C executable cmTC_02d74
/usr/bin/cmake -E cmake_link_script CMakeFiles/cmTC_02d74.dir/link.txt --verbose=1
/usr/bin/cmake: /usr/local/lib/libcurl.so.4: no version information available (required by /usr/bin/cmake)
/usr/bin/cc  -g -fPIC -fno-semantic-interposition -Werror=date-time -fno-lifetime-dse -Wall -Wextra -Wno-unused-parameter -Wwrite-strings -Wcast-qual -Wno-missing-field-initializers -Wimplicit-fallthrough -Wno-comment  CMakeFiles/cmTC_02d74.dir/src.c.o -o cmTC_02d74 
gmake[1]: Leaving directory '/mnt/d/code_project/geekrun/external_fork/Kotoamatsukami/build/CMakeFiles/CMakeTmp'


Source file was:
int main(void) { return 0; }
Performing C SOURCE FILE Test C_SUPPORTS_FFUNCTION_SECTIONS succeeded with the following output:
Change Dir: /mnt/d/code_project/geekrun/external_fork/Kotoamatsukami/build/CMakeFiles/CMakeTmp

Run Build Command(s):/usr/bin/gmake -f Makefile cmTC_eb0dd/fast && /usr/bin/gmake  -f CMakeFiles/cmTC_eb0dd.dir/build.make CMakeFiles/cmTC_eb0dd.dir/build
gmake[1]: Entering directory '/mnt/d/code_project/geekrun/external_fork/Kotoamatsukami/build/CMakeFiles/CMakeTmp'
/usr/bin/cmake: /usr/local/lib/libcurl.so.4: no version information available (required by /usr/bin/cmake)
Building C object CMakeFiles/cmTC_eb0dd.dir/src.c.o
/usr/bin/cc -DC_SUPPORTS_FFUNCTION_SECTIONS  -g -fPIC -fno-semantic-interposition -Werror=date-time -fno-lifetime-dse -Wall -Wextra -Wno-unused-parameter -Wwrite-strings -Wcast-qual -Wno-missing-field-initializers -Wimplicit-fallthrough -Wno-comment    -Werror -ffunction-sections -o CMakeFiles/cmTC_eb0dd.dir/src.c.o -c /mnt/d/code_project/geekrun/external_fork/Kotoamatsukami/build/CMakeFiles/CMakeTmp/src.c
/usr/bin/cmake: /usr/local/lib/libcurl.so.4: no version information available (required by /usr/bin/cmake)
Linking C executable cmTC_eb0dd
/usr/bin/cmake -E cmake_link_script CMakeFiles/cmTC_eb0dd.dir/link.txt --verbose=1
/usr/bin/cmake: /usr/local/lib/libcurl.so.4: no version information available (required by /usr/bin/cmake)
/usr/bin/cc  -g -fPIC -fno-semantic-interposition -Werror=date-time -fno-lifetime-dse -Wall -Wextra -Wno-unused-parameter -Wwrite-strings -Wcast-qual -Wno-missing-field-initializers -Wimplicit-fallthrough -Wno-comment  CMakeFiles/cmTC_eb0dd.dir/src.c.o -o cmTC_eb0dd 
gmake[1]: Leaving directory '/mnt/d/code_project/geekrun/external_fork/Kotoamatsukami/build/CMakeFiles/CMakeTmp'


Source file was:
int main(void) { return 0; }
Performing C++ SOURCE FILE Test CXX_SUPPORTS_FFUNCTION_SECTIONS succeeded with the following output:
Change Dir: /mnt/d/code_project/geekrun/external_fork/Kotoamatsukami/build/CMakeFiles/CMakeTmp

Run Build Command(s):/usr/bin/gmake -f Makefile cmTC_9aae3/fast && /usr/bin/gmake  -f CMakeFiles/cmTC_9aae3.dir/build.make CMakeFiles/cmTC_9aae3.dir/build
gmake[1]: Entering directory '/mnt/d/code_project/geekrun/external_fork/Kotoamatsukami/build/CMakeFiles/CMakeTmp'
/usr/bin/cmake: /usr/local/lib/libcurl.so.4: no version information available (required by /usr/bin/cmake)
Building CXX object CMakeFiles/cmTC_9aae3.dir/src.cxx.o
/usr/bin/c++ -DCXX_SUPPORTS_FFUNCTION_SECTIONS  -g -fPIC -fno-semantic-interposition -fvisibility-inlines-hidden -Werror=date-time -fno-lifetime-dse -Wall -Wextra -Wno-unused-parameter -Wwrite-strings -Wcast-qual -Wno-missing-field-initializers -Wimplicit-fallthrough -Wno-nonnull -Wno-class-memaccess -Wno-redundant-move -Wno-pessimizing-move -Wno-noexcept-type -Wdelete-non-virtual-dtor -Wsuggest-override -Wno-comment -Wno-misleading-indentation -Wctad-maybe-unsupported    -Werror -ffunction-sections -std=gnu++17 -o CMakeFiles/cmTC_9aae3.dir/src.cxx.o -c /mnt/d/code_project/geekrun/external_fork/Kotoamatsukami/build/CMakeFiles/CMakeTmp/src.cxx
/usr/bin/cmake: /usr/local/lib/libcurl.so.4: no version information available (required by /usr/bin/cmake)
Linking CXX executable cmTC_9aae3
/usr/bin/cmake -E cmake_link_script CMakeFiles/cmTC_9aae3.dir/link.txt --verbose=1
/usr/bin/cmake: /usr/local/lib/libcurl.so.4: no version information available (required by /usr/bin/cmake)
/usr/bin/c++  -g -fPIC -fno-semantic-interposition -fvisibility-inlines-hidden -Werror=date-time -fno-lifetime-dse -Wall -Wextra -Wno-unused-parameter -Wwrite-strings -Wcast-qual -Wno-missing-field-initializers -Wimplicit-fallthrough -Wno-nonnull -Wno-class-memaccess -Wno-redundant-move -Wno-pessimizing-move -Wno-noexcept-type -Wdelete-non-virtual-dtor -Wsuggest-override -Wno-comment -Wno-misleading-indentation -Wctad-maybe-unsupported  CMakeFiles/cmTC_9aae3.dir/src.cxx.o -o cmTC_9aae3 
gmake[1]: Leaving directory '/mnt/d/code_project/geekrun/external_fork/Kotoamatsukami/build/CMakeFiles/CMakeTmp'


Source file was:
int main() { return 0; }
Performing C SOURCE FILE Test C_SUPPORTS_FDATA_SECTIONS succeeded with the following output:
Change Dir: /mnt/d/code_project/geekrun/external_fork/Kotoamatsukami/build/CMakeFiles/CMakeTmp

Run Build Command(s):/usr/bin/gmake -f Makefile cmTC_f8c3a/fast && /usr/bin/gmake  -f CMakeFiles/cmTC_f8c3a.dir/build.make CMakeFiles/cmTC_f8c3a.dir/build
gmake[1]: Entering directory '/mnt/d/code_project/geekrun/external_fork/Kotoamatsukami/build/CMakeFiles/CMakeTmp'
/usr/bin/cmake: /usr/local/lib/libcurl.so.4: no version information available (required by /usr/bin/cmake)
Building C object CMakeFiles/cmTC_f8c3a.dir/src.c.o
/usr/bin/cc -DC_SUPPORTS_FDATA_SECTIONS  -g -fPIC -fno-semantic-interposition -Werror=date-time -fno-lifetime-dse -Wall -Wextra -Wno-unused-parameter -Wwrite-strings -Wcast-qual -Wno-missing-field-initializers -Wimplicit-fallthrough -Wno-comment -ffunction-sections    -Werror -fdata-sections -o CMakeFiles/cmTC_f8c3a.dir/src.c.o -c /mnt/d/code_project/geekrun/external_fork/Kotoamatsukami/build/CMakeFiles/CMakeTmp/src.c
/usr/bin/cmake: /usr/local/lib/libcurl.so.4: no version information available (required by /usr/bin/cmake)
Linking C executable cmTC_f8c3a
/usr/bin/cmake -E cmake_link_script CMakeFiles/cmTC_f8c3a.dir/link.txt --verbose=1
/usr/bin/cmake: /usr/local/lib/libcurl.so.4: no version information available (required by /usr/bin/cmake)
/usr/bin/cc  -g -fPIC -fno-semantic-interposition -Werror=date-time -fno-lifetime-dse -Wall -Wextra -Wno-unused-parameter -Wwrite-strings -Wcast-qual -Wno-missing-field-initializers -Wimplicit-fallthrough -Wno-comment -ffunction-sections  CMakeFiles/cmTC_f8c3a.dir/src.c.o -o cmTC_f8c3a 
gmake[1]: Leaving directory '/mnt/d/code_project/geekrun/external_fork/Kotoamatsukami/build/CMakeFiles/CMakeTmp'


Source file was:
int main(void) { return 0; }
Performing C++ SOURCE FILE Test CXX_SUPPORTS_FDATA_SECTIONS succeeded with the following output:
Change Dir: /mnt/d/code_project/geekrun/external_fork/Kotoamatsukami/build/CMakeFiles/CMakeTmp

Run Build Command(s):/usr/bin/gmake -f Makefile cmTC_74d20/fast && /usr/bin/gmake  -f CMakeFiles/cmTC_74d20.dir/build.make CMakeFiles/cmTC_74d20.dir/build
gmake[1]: Entering directory '/mnt/d/code_project/geekrun/external_fork/Kotoamatsukami/build/CMakeFiles/CMakeTmp'
/usr/bin/cmake: /usr/local/lib/libcurl.so.4: no version information available (required by /usr/bin/cmake)
Building CXX object CMakeFiles/cmTC_74d20.dir/src.cxx.o
/usr/bin/c++ -DCXX_SUPPORTS_FDATA_SECTIONS  -g -fPIC -fno-semantic-interposition -fvisibility-inlines-hidden -Werror=date-time -fno-lifetime-dse -Wall -Wextra -Wno-unused-parameter -Wwrite-strings -Wcast-qual -Wno-missing-field-initializers -Wimplicit-fallthrough -Wno-nonnull -Wno-class-memaccess -Wno-redundant-move -Wno-pessimizing-move -Wno-noexcept-type -Wdelete-non-virtual-dtor -Wsuggest-override -Wno-comment -Wno-misleading-indentation -Wctad-maybe-unsupported -ffunction-sections    -Werror -fdata-sections -std=gnu++17 -o CMakeFiles/cmTC_74d20.dir/src.cxx.o -c /mnt/d/code_project/geekrun/external_fork/Kotoamatsukami/build/CMakeFiles/CMakeTmp/src.cxx
/usr/bin/cmake: /usr/local/lib/libcurl.so.4: no version information available (required by /usr/bin/cmake)
Linking CXX executable cmTC_74d20
/usr/bin/cmake -E cmake_link_script CMakeFiles/cmTC_74d20.dir/link.txt --verbose=1
/usr/bin/cmake: /usr/local/lib/libcurl.so.4: no version information available (required by /usr/bin/cmake)
/usr/bin/c++  -g -fPIC -fno-semantic-interposition -fvisibility-inlines-hidden -Werror=date-time -fno-lifetime-dse -Wall -Wextra -Wno-unused-parameter -Wwrite-strings -Wcast-qual -Wno-missing-field-initializers -Wimplicit-fallthrough -Wno-nonnull -Wno-class-memaccess -Wno-redundant-move -Wno-pessimizing-move -Wno-noexcept-type -Wdelete-non-virtual-dtor -Wsuggest-override -Wno-comment -Wno-misleading-indentation -Wctad-maybe-unsupported -ffunction-sections  CMakeFiles/cmTC_74d20.dir/src.cxx.o -o cmTC_74d20 
gmake[1]: Leaving directory '/mnt/d/code_project/geekrun/external_fork/Kotoamatsukami/build/CMakeFiles/CMakeTmp'


Source file was:
int main() { return 0; }
